Id,fw1__Status__c,fw1__Account__c,fw1__Account__r.Name,fw1__Account__r.Sales_Organization__c,fw1__Account__r.CurrencyIsoCode,fw1__Recurring_Invoice__r.RecordType.Name,fw1__Recurring_Invoice__r.Rollup_Invoice_Tier__c,fw1__Recurring_Invoice__r.fw1__Opportunity__r.Cost_Invoice__c,fw1__Billing_Period_Start__c,fw1__Billing_Period_End__c
a52OL000007TjM6YAK,Paid,0011200001DX2m0AAD,Prostar Well Service Inc.,CA00,CAD,BWAP,200,2.61,4/1/2024,3/31/2025
a52OL00000MzWZOYA3,Paid,0011200001DX2m0AAD,Prostar Well Service Inc.,CA00,CAD,BWAP,200,2.61,4/1/2024,3/31/2025
a52OL00000GwmswYAB,Paid,0011200001F61OFAAZ,Boon Energy Services,CA00,CAD,BWAP,200,2.61,10/1/2024,9/30/2025
a52OL000004TDEpYAO,Paid,0011200001FVPO1AAP,TA Management,CA00,CAD,BWAP,300,1.793333333,2/1/2024,1/31/2025
a52OL000004TDEbYAO,Paid,0011200001FwddVAAR,Resource Environmental Inc.,US00,USD,BWAP,300,1.793333333,2/1/2024,1/31/2025
a52OL000009345dYAA,Paid,0011200001FwmIpAAJ,Solid Rock Steel Fabricating,CA00,CAD,BWAP,300,2.54,5/1/2024,4/30/2025
a52OL000007Tg5HYAS,Paid,0011200001FxAWgAAN,LGI Healthcare Solutions Inc.,CA00,CAD,BWAP,200,1.84,4/1/2024,3/31/2025
a52OL000009345sYAA,Paid,0011200001Fy5wqAAB,Canadian Renewable Energy,CA00,CAD,BWAP,100,2.33,5/1/2024,4/30/2025
a52OL000005wuUQYAY,Paid,0011200001GKAt3AAH,Sleep Performance,CA00,CAD,BWAP,100,2.68,3/1/2024,2/28/2025
a52OL00000AfanKYAR,Paid,0011200001GMVHDAA5,Hyper Island Executive Education,US00,USD,BWAP,50,2,6/1/2024,5/31/2025
a52OL000009345MYAQ,Paid,0011200001GicZ1AAJ,"The Lupton Company, LLC",US00,USD,BWAP,400,1.7475,5/1/2024,4/30/2025
a52OL000004TDEqYAO,Overdue,0011200001H37NqAAJ,Calabogie Resort,CA00,CAD,BWAP,250,2.576,2/1/2024,1/31/2025
a52OL000007ThacYAC,Paid,0011200001H8YaQAAV,Land�s End Management Corporation,US00,USD,BWAP,300,1.56,4/1/2024,3/31/2025
a52OL00000IRXjuYAH,Paid,0011200001HbI6pAAF,Durward Jones Barkwell,CA00,CAD,BWAP-Sage APA,100,2.33,11/1/2024,10/31/2025
a52OL000006E8qIYAS,Paid,0011200001I7cQ3AAJ,Bushnell Performing Arts Center,US00,USD,BWAP,250,1.816,3/1/2024,2/28/2025
a52OL00000FhBfcYAF,Paid,0011200001IB0AOAA1,Joanne Maxwell CPA,CA00,CAD,BWAP,100,1.89,9/1/2024,8/31/2025
a52OL000005wvj1YAA,Paid,0011200001IgfeWAAR,Performance Communities Inc.,CA00,CAD,BWAP,1200,2.024166667,3/1/2024,2/28/2025
a52OL00000GwlB9YAJ,Paid,0011200001IhCytAAF,Catalyst Community Developments,CA00,CAD,BWAP,100,1.89,10/1/2024,9/30/2025
a52OL000002PpLWYA0,Paid,0011200001IjwUwAAJ,Universal Mineral Services Ltd.,CA00,CAD,BWAP,200,2.61,12/1/2023,11/30/2024
a52OL00000JqhNnYAJ,Paid,0011200001IjwUwAAJ,Universal Mineral Services Ltd.,CA00,CAD,BWAP,200,2.61,12/1/2024,11/30/2025
a52OL000009MiOdYAK,Paid,0011200001K7oTjAAJ,Williams Island POA,US00,USD,BWAP,600,1.656666667,5/1/2024,4/30/2025
a52OL000007TjM4YAK,Paid,0011200001KAPMwAAP,Legacy Steel LLC,US00,USD,BWAP,200,1.84,4/1/2024,3/31/2025
a52OL00000JqZy2YAF,Paid,0011200001KuzMYAAZ,Lexington Country Club,US00,USD,BWAP,700,1.61,11/1/2024,10/31/2025
a52OL00000AfahqYAB,Paid,0011200001KyjwQAAR,Cincinnati Symphony Orchestra,US00,USD,BWAP,1000,1.472,6/1/2024,5/31/2025
a52OL000003HViUYAW,Paid,0011200001LBrbZAAT,Austin Country Club,US00,USD,BWAP,950,1.494736842,12/1/2023,11/30/2024
a52OL00000JqiwVYAR,Paid,0011200001LBrbZAAT,Austin Country Club,US00,USD,BWAP,950,1.494736842,12/1/2024,11/30/2025
a52OL00000603DlYAI,Paid,0011200001LF39fAAD,Fairfield Glade Community Club,US00,USD,BWAP,800,1.56375,2/1/2024,1/31/2025
a52OL000007TjM5YAK,Paid,0011200001LFTV7AAP,Green Storage Inc.,CA00,CAD,BWAP,150,2.646666667,4/1/2024,3/31/2025
a52OL000009345lYAA,Overdue,0011200001LXxVOAA1,Norpoint,CA00,CAD,BWAP,150,2.646666667,5/1/2024,4/30/2025
a52OL0000053I8qYAE,Paid,0011200001LZV2rAAH,Philadelphia Cricket Club,US00,USD,BWAP,850,1.541176471,2/1/2024,1/31/2025
a52OL00000Cmw9HYAR,Paid,0011200001M9Z78AAF,Healthia Services,US00,USD,BWAP,4200,1.09,6/1/2024,5/31/2025
a52OL00000EBxkzYAD,Paid,0011200001M9oh0AAB,"SLB of Iowa, LC",US00,USD,BWAP,400,1.52,8/1/2024,7/31/2025
a52OL00000EBxlaYAD,Paid,0011200001MA8n9AAD,University Auxiliary Services at,US00,USD,BWAP,350,1.771428571,8/1/2024,7/31/2025
a52OL000004TDElYAO,Overdue,0011200001MCCGQAA5,Flathead Municipal Airport,US00,USD,BWAP,350,1.771428571,2/1/2024,1/31/2025
a52OL000002PpLXYA0,Paid,0011200001MbF9tAAF,Mobile Integration Workgroup,US00,USD,BWAP,100,1.89,12/1/2023,11/30/2024
a52OL00000Jqj2wYAB,Paid,0011200001MbF9tAAF,Mobile Integration Workgroup,US00,USD,BWAP,100,1.89,12/1/2024,11/30/2025
a52OL000002bxrDYAQ,Paid,0011200001MsrLjAAJ,Tourism Richmond,CA00,CAD,BWAP-Sage APA,100,2.33,11/4/2023,11/3/2024
a52OL00000In8TaYAJ,Paid,0011200001MsrLjAAJ,Tourism Richmond,CA00,CAD,BWAP-Sage APA,100,2.33,11/4/2024,11/3/2025
a52OL00000InKG9YAN,Paid,0011200001MtsZaAAJ,GGFL LLP.,CA00,CAD,BWAP,250,2.576,11/1/2024,10/31/2025
a52OL00000GwlAeYAJ,Paid,0011200001MuYMOAA3,Alcon Entertainment,US00,USD,BWAP,150,1.86,10/1/2024,9/30/2025
a52OL00000InFUzYAN,Paid,0011200001Mv43cAAB,Inter-American Defense Board,US00,USD,BWAP-Sage APA,150,1.62,11/1/2024,10/31/2025
a52OL00000FhEM2YAN,Paid,0011200001Mv7v7AAB,Rocket Lawyer,US00,USD,BWAP,200,1.84,9/1/2024,8/31/2025
a52OL00000GwmsnYAB,Paid,0011H00001Lz2SHQAZ,Jowidana Hotels Ltd./Palix,CA00,CAD,BWAP,50,2.8,10/1/2024,9/30/2025
a52OL00000JHbLBYA1,Paid,0011H00001NBaiLQAT,Stonebridge Country Club,US00,USD,BWAP,350,1.771428571,11/1/2024,10/31/2025
a52OL00000IRPj8YAH,Paid,0011H00001NRSg9QAH,Urban Pacific Properties,US00,USD,BWAP-Sage APA,300,1.56,11/1/2024,10/31/2025
a52OL00000KsXOUYA3,Paid,0011H00001NRYE1QAP,2285147 Ontario Ltd.,CA00,CAD,BWAP-Sage APA,350,2.18,11/1/2024,6/30/2025
a52OL00000IRRhiYAH,Paid,0011H00001NuJPUQA3,The Agency for Cooperative Housing,CA00,CAD,BWAP-Sage APA,200,2.27,11/1/2024,10/31/2025
a52OL00000JuXhXYAV,Paid,0011H00001Nuy1TQAR,Canlan Ice Sports Corp.,CA00,CAD,BWAP-Sage APA,1500,1.7,11/1/2024,10/31/2025
a52OL000003YppaYAC,Paid,0011H00001NvUtwQAF,Belle Meade Country Club,US00,USD,BWAP,900,1.517777778,1/1/2024,12/31/2024
a52OL00000KhQINYA3,Paid,0011H00001NvUtwQAF,Belle Meade Country Club,US00,USD,BWAP,950,1.494736842,1/1/2025,12/31/2025
a52OL000004RFqHYAW,Paid,0011H00001NwJGMQA3,Alpine Country Club,US00,USD,BWAP,350,1.771428571,1/1/2024,12/31/2024
a52OL00000KhQrqYAF,Paid,0011H00001NwJGMQA3,Alpine Country Club,US00,USD,BWAP,350,1.771428571,1/1/2025,12/31/2025
a52OL000002c7KHYAY,Paid,0011H00001NwJVoQAN,Morgan Creek Golf Course,CA00,CAD,BWAP-Sage APA,350,2.18,12/23/2023,12/22/2024
a52OL00000KhXDMYA3,Paid,0011H00001NwJVoQAN,Morgan Creek Golf Course,CA00,CAD,BWAP-Sage APA,350,2.18,12/1/2024,11/30/2025
a52OL00000IRZiTYAX,Paid,0011H00001NwPX7QAN,Canadian Wilderness Adventures,CA00,CAD,BWAP-Sage APA,150,2.3,11/1/2024,10/31/2025
a52OL00000AE3EnYAL,Paid,0011H00001ON306QAD,Sask Sport Inc,CA00,CAD,BWAP-Sage APA,500,2.09,5/19/2024,5/18/2025
a52OL000006L18xYAC,Paid,0011H00001ON31JQAT,Sask. Trade and Export Partnership,CA00,CAD,BWAP-Sage APA,100,2.33,3/4/2024,3/3/2025
a52OL00000IRIMlYAP,Paid,0011H00001ON32EQAT,OSSTF,CA00,CAD,BWAP-Sage APA,800,1.91,11/1/2024,10/31/2025
a52OL000003YsU5YAK,Paid,0011H00001ONhLoQAL,Ford Field and River Club,US00,USD,BWAP,800,1.56375,1/1/2024,12/31/2024
a52OL00000KhQOpYAN,Paid,0011H00001ONhLoQAL,Ford Field and River Club,US00,USD,BWAP,800,1.56375,1/1/2025,12/31/2025
a52OL00000AfanVYAR,Paid,0011H00001OOEDjQAP,Avena Foods Ltd.,CA00,CAD,BWAP,1100,2.047272727,6/1/2024,5/31/2025
a52OL00000DskCrYAJ,Paid,0011H00001OOowPQAT,JVS of Greater Toronto,CA00,CAD,BWAP-Sage APA,400,2.15,7/29/2024,7/28/2025
a52OL000002c7FRYAY,Paid,0011H00001OP3olQAD,Rennie Marketing Systems,CA00,CAD,BWAP-Sage APA,300,2.21,11/18/2023,11/17/2024
a52OL00000JHUhxYAH,Paid,0011H00001OP3olQAD,Rennie Marketing Systems,CA00,CAD,BWAP-Sage APA,300,2.21,11/18/2024,11/17/2025
a52OL000003REOZYA4,Paid,0011H00001OQggjQAD,Town of Quispamsis,CA00,CAD,BWAP-Sage APA,500,2.09,1/1/2024,12/31/2024
a52OL00000PqwpZYAR,Paid,0011H00001OQggjQAD,Town of Quispamsis,CA00,CAD,BWAP-Sage APA,500,2.09,1/1/2025,12/31/2025
a52OL00000H5kQHYAZ,Paid,0011H00001OeddGQAR,"HumanWorks Affiliates, Inc.",US00,USD,BWAP-Sage APA,900,1.32,10/1/2024,9/30/2025
a52OL00000MSgvhYAD,Paid,0011H00001OfffdQAB,Book Depot Inc,CA00,CAD,BWAP-Sage APA,750,1.94,12/1/2024,11/30/2025
a52OL00000GwlB4YAJ,Paid,0011H00001Oh4RaQAJ,Crescent City Schools,US00,USD,BWAP,300,1.793333333,10/1/2024,9/30/2025
a52OL00000G2Ft1YAF,Paid,0011H00001Oh4lAQAR,Round Hill Country Club,US00,USD,BWAP,850,1.541176471,9/1/2024,8/31/2025
a52OL00000FhBfjYAF,Paid,0011H00001Oh4tPQAR,Historica Canada,CA00,CAD,BWAP,150,1.86,9/1/2024,8/31/2025
a52OL000004jzzVYAQ,Paid,0011H00001Oh5CpQAJ,J.W. Logistics,US00,USD,BWAP,0,,2/1/2024,1/31/2025
a52OL000009Mm2QYAS,Paid,0011H00001PaJROQA3,Loxahatchee Club,US00,USD,BWAP,700,1.61,5/1/2024,4/30/2025
a52OL00000Gln47YAB,Paid,0011H00001PaS0sQAF,Roadpost Inc,CA00,CAD,BWAP-Sage APA,400,2.4725,6/28/2024,6/27/2025
a52OL00000IRYUgYAP,Paid,0011H00001PafnOQAR,Diversicare Canada,CA00,CAD,BWAP-Sage APA,5100,1.48,11/1/2024,10/31/2025
a52OL00000Fh4yPYAR,Paid,0011H00001PajcoQAB,VetStrategy Canada Holdings Inc.,CA00,CAD,BWAP,12000,1.26,9/1/2024,8/31/2025
a52OL000009WAK2YAO,Paid,0011H00001PanprQAB,"Advance Services, Inc.",US00,USD,BWAP-Sage APA,650,1.42,4/30/2024,4/29/2025
a52OL00000CMUYkYAP,Paid,0011H00001PansZQAR,Vistamar School,US00,USD,BWAP,200,1.84,7/1/2024,6/30/2025
a52OL00000FhBg4YAF,Overdue,0011H00001PaopzQAB,Stalco,CA00,CAD,BWAP,200,1.84,9/1/2024,8/31/2025
a52OL00000IRVoXYAX,Paid,0011H00001Pax7JQAR,PETA,US00,USD,BWAP-Sage APA,900,1.32,11/1/2024,10/31/2025
a52OL00000Ce8XpYAJ,Paid,0011H00001Pax7ZQAR,Scooter's Coffee,US00,USD,BWAP-Sage APA,1800,1.2,7/1/2024,6/30/2025
a52OL00000ADoMEYA1,Paid,0011H00001PaxMPQAZ,"Curbs Plus, Inc.",US00,USD,BWAP-Sage APA,950,1.3,5/24/2024,5/23/2025
a52OL000002c7ddYAA,Paid,0011H00001PaxUrQAJ,NABCA,US00,USD,BWAP-Sage APA,150,1.62,11/30/2023,11/29/2024
a52OL00000JHOStYAP,Paid,0011H00001PaxUrQAJ,NABCA,US00,USD,BWAP-Sage APA,150,1.62,11/30/2024,11/29/2025
a52OL00000He2VyYAJ,Paid,0011H00001PaxcUQAR,"University Orthopedics, Inc.",US00,USD,BWAP-Sage APA,900,1.32,12/1/2023,11/30/2024
a52OL00000MWFiTYAX,Paid,0011H00001PaxcUQAR,"University Orthopedics, Inc.",US00,USD,BWAP-Sage APA,900,1.32,12/1/2024,11/30/2025
a52OL00000R2KBCYA3,Paid,0011H00001PaxcUQAR,"University Orthopedics, Inc.",US00,USD,BWAP-Sage APA,900,1.32,12/1/2024,11/30/2025
a52OL00000IRaMnYAL,Paid,0011H00001PbAFoQAN,Saint John Airport Inc.,CA00,CAD,BWAP-Sage APA,100,2.33,11/1/2024,10/31/2025
a52OL00000AfdxrYAB,Paid,0011H00001PcWmYQAV,First Resource Management Group,CA00,CAD,BWAP,100,1.89,6/1/2024,5/31/2025
a52OL00000IRZDpYAP,Paid,0011H00001Rm2uyQAB,Commissionaires - Saskatoon,CA00,CAD,BWAP-Sage APA,100,2.33,11/1/2024,10/31/2025
a52OL000009WRKrYAO,Paid,0011H00001RnBjtQAF,Four Seasons Business Services PLLC,US00,USD,BWAP-Sage APA,500,1.48,5/4/2024,5/3/2025
a52OL00000JHNoVYAX,Paid,0011H00001RneRsQAJ,"Pelican Bay Foundation, Inc.",US00,USD,BWAP,650,1.632307692,11/1/2024,10/31/2025
a52OL00000GPUPtYAP,Paid,0011H00001T2KWgQAN,McArthur Golf Club,US00,USD,BWAP,400,1.7475,9/1/2024,8/31/2025
a52OL000007j8WyYAI,Paid,0011H00001T2lmwQAB,RITE-WAY FENCING INC,CA00,USD,BWAP-Sage APA,900,1.85,3/26/2024,3/25/2025
a52OL00000IRSp5YAH,Paid,0011H00001T36I5QAJ,The Association for,US00,USD,BWAP-Sage APA,100,1.64,11/1/2024,10/31/2025
a52OL00000BppTaYAJ,Paid,0011H00001T5WVlQAN,American Farm Bureau Federation,US00,USD,BWAP,200,1.84,2/1/2024,1/31/2025
a52OL000007v4R3YAI,Paid,0011H00001UBhurQAD,Dormie Network,US00,USD,BWAP,1900,1.368421053,4/1/2024,3/31/2025
a52OL00000In7XUYAZ,Paid,0011H00001UCiKyQAL,PRIMMA LLC,US00,USD,BWAP,250,1.816,11/1/2024,10/31/2025
a52OL000002cL8mYAE,Paid,0011H00001UCkcrQAD,Spring Run Golf Club,US00,USD,BWAP,350,1.771428571,12/1/2023,11/30/2024
a52OL00000Jqng1YAB,Paid,0011H00001UCkcrQAD,Spring Run Golf Club,US00,USD,BWAP-Sage APA,400,1.7475,12/1/2024,11/30/2025
a52OL00000IRV8bYAH,Paid,0011H00001UClcRQAT,Colavria Hospitality,US00,USD,BWAP-Sage APA,450,1.5,11/1/2024,10/31/2025
a52OL00000AfamfYAB,Paid,0011H00001UCnpJQAT,Arkansas Regional Organ Recovery,US00,USD,BWAP,250,1.816,6/1/2024,5/31/2025
a52OL00000InFoMYAV,Paid,0011H00001UCwp8QAD,Builders Capital,US00,USD,BWAP,550,1.678181818,11/1/2024,10/31/2025
a52OL00000ECBcLYAX,Paid,0011H00001UDfCFQA1,Maddox and Son Construction Inc,US00,USD,BWAP,350,1.771428571,8/1/2024,7/31/2025
a52OL000006hSvFYAU,Paid,0011H00001UFJFDQA5,Southern Hills Golf Club,US00,USD,BWAP,450,1.724444444,3/1/2024,2/28/2025
a52OL00000FhEMMYA3,Paid,0011H00001UFTBVQA5,1001156955 Ontario Ltd.,CA00,CAD,BWAP,100,1.89,9/1/2024,8/31/2025
a52OL00000HeEX7YAN,Paid,0011H00001kNZ64QAG,Bell Smart Home,CA00,CAD,BWAP-Sage APA,200,2.27,5/1/2024,4/30/2025
a52OL00000G7PYLYA3,Paid,0011H00001lRc8yQAC,Yamana Gold Inc.,CA00,CAD,BWAP,250,1.816,9/1/2024,8/31/2025
a52OL000009345aYAA,Paid,0011H00001lReWUQA0,Options For Homes,CA00,CAD,BWAP,50,2.8,5/1/2024,4/30/2025
a52OL00000IRTgIYAX,Paid,0011H00001lSxuNQAS,Saskatchewan Indian,CA00,CAD,BWAP-Sage APA,450,2.12,11/1/2024,10/31/2025
a52OL00000IRZaPYAX,Paid,0011H00001lTPUrQAO,Alouette Park Management Ltd.,CA00,CAD,BWAP-Sage APA,750,1.94,11/1/2024,10/31/2025
a52OL00000CqQu0YAF,Paid,0011H00001lThZiQAK,The Arbutus Club,CA00,CAD,BWAP,850,1.541176471,7/1/2024,6/30/2025
a52OL000009345UYAQ,Paid,0011H00001miLz2QAE,Philae Shriners,CA00,CAD,BWAP,50,2.8,5/1/2024,4/30/2025
a52OL00000HwyJlYAJ,Paid,0011H00001ntGSZQA2,SCPTAC,US00,USD,BWAP-Sage APA,250,1.58,3/1/2024,2/28/2025
a52OL00000EBxlbYAD,Paid,0011H00001nuZFNQA2,"AHG Management, LLC",US00,USD,BWAP,950,1.494736842,8/1/2024,7/31/2025
a52OL00000FhEMIYA3,Paid,0011H00001nuZsxQAE,Geologic Systems Ltd.,CA00,CAD,BWAP,200,2.61,9/1/2024,8/31/2025
a52OL000009WZogYAG,Paid,0011H00001nuZy2QAE,Hunt Refrigeration,CA00,CAD,BWAP-Sage APA,450,2.09,5/10/2024,5/9/2025
a52OL00000OuYimYAF,Overdue,0011H00001nuZy2QAE,Hunt Refrigeration,CA00,CAD,BWAP-Sage APA,450,2.09,5/10/2024,5/9/2025
a52OL00000AcZF9YAN,Paid,0011H00001qyO7PQAU,Canadian Credit Union Association,CA00,CAD,BWAP-Sage APA,400,2.15,5/26/2024,5/25/2025
a52OL000007TjMGYA0,Paid,0011H00001qzQbjQAE,Idara LLC,US00,USD,BWAP,850,1.541176471,4/1/2024,3/31/2025
a52OL000009JIk2YAG,Paid,0011H00001qzQbjQAE,Idara LLC,US00,USD,BWAP,1000,1.541176471,4/1/2024,3/31/2025
a52OL00000GDF9jYAH,Paid,0011H00001t5glFQAQ,Iona McGregor Fire District,US00,USD,BWAP-Sage APA,200,1.6,9/5/2024,9/4/2025
a52OL00000GwlAmYAJ,Paid,0011H00001t7IT5QAM,Otelier,US00,USD,BWAP,100,1.89,10/1/2024,9/30/2025
a52OL00000IRMTWYA5,Paid,0011H00001t84C8QAI,Cypress Healthcare Partners,US00,USD,BWAP-Sage APA,1900,1.19,11/1/2024,10/31/2025
a52OL00000Jqje4YAB,Paid,0011H00001t8AJeQAM,John's Island Club,US00,USD,BWAP,1200,1.816,11/1/2024,10/31/2025
a52OL00000G4MDeYAN,Paid,0011H00001t9ESWQA2,The Twin Eagles Club,US00,USD,BWAP,600,1.656666667,9/1/2024,8/31/2025
a52OL00000GwlBMYAZ,Paid,0011H00001uzGAWQA2,Moran Mining & Tunnelling Ltd.,CA00,CAD,BWAP,250,1.816,10/1/2024,9/30/2025
a52OL00000IRVRxYAP,Paid,0011H00001v0XlpQAE,Living Word Christian School,US00,USD,BWAP-Sage APA,200,1.6,11/1/2024,10/31/2025
a52OL00000InFBeYAN,Paid,0011H00001v0YppQAE,Hualapai Enterprises,US00,USD,BWAP-Sage APA,900,1.32,11/1/2024,10/31/2025
a52OL00000IRLh9YAH,Paid,0011H00001w0aAbQAI,Convergent Energy & Power,US00,USD,BWAP-Sage APA,350,1.54,11/1/2024,10/31/2025
a52OL000006hTcpYAE,Paid,0011H00001w1Zz0QAE,The Country Club of Virginia,US00,USD,BWAP,350,1.771428571,3/1/2024,2/28/2025
a52OL000004QzfDYAS,Paid,0011H00001w1r9vQAA,The Reserve at Lake Keowee,US00,USD,BWAP,550,1.678181818,1/1/2024,12/31/2024
a52OL000005wuUFYAY,Paid,0011H00001w2sPUQAY,Forerunner Christian Church,US00,USD,BWAP,150,1.86,3/1/2024,2/28/2025
a52OL000005ztkiYAA,Paid,0011H00001yZaXXQA0,Bear Lakes Country Club,US00,USD,BWAP,650,1.632307692,2/1/2024,1/31/2025
a52OL0000093459YAA,Paid,0011H00001yaW8WQAU,BellXcel,US00,USD,BWAP,200,1.6,5/1/2024,4/30/2025
a52OL00000Cpvi8YAB,Paid,0011H00001ybsM2QAI,Royal Poinciana Golf Club,US00,USD,BWAP,700,1.61,7/1/2024,6/30/2025
a52OL000009345YYAQ,Paid,0011H00001ycaY4QAI,Lorraine Rotz (CAD),CA00,CAD,BWAP,100,2.68,5/1/2024,4/30/2025
a52OL000009345cYAA,Paid,0011H00001ycafPQAQ,Atira Women's Resource Society,CA00,CAD,BWAP,850,2.162352941,5/1/2024,4/30/2025
a52OL000007uh7wYAA,Paid,0011H00001ycugTQAQ,Fiddler's Elbow Country Club,US00,USD,BWAP,800,1.56375,4/1/2024,3/31/2025
a52OL000002PoWxYAK,Paid,0011H00001ycuhRQAQ,Later.com,CA00,CAD,BWAP,200,1.84,12/1/2023,11/30/2024
a52OL00000In9hKYAR,Paid,0011H000020sf7wQAA,"Sports Fields, Inc",US00,USD,BWAP,200,1.84,11/1/2024,10/31/2025
a52OL000007TjMFYA0,Paid,0011H000020vPZvQAM,KDBS,US00,USD,BWAP,200,1.84,4/1/2024,3/31/2025
a52OL00000AaRbpYAF,Paid,0011H000023rmKvQAI,The Alotian Club,US00,USD,BWAP,450,1.724444444,4/1/2024,3/31/2025
a52OL00000KhbyTYAR,Overdue,0011H000023saJfQAI,UVic Properties,CA00,CAD,BWAP,350,1.771428571,11/1/2024,10/31/2025
a52OL000009M2ilYAC,Paid,0011H000023tPoVQAU,Arizona Country Club,US00,USD,BWAP,900,1.517777778,5/1/2024,4/30/2025
a52OL00000FhBg2YAF,Paid,0011H000023tYQNQA2,Schuck Communities Inc.,US00,USD,BWAP,100,1.89,9/1/2024,8/31/2025
a52OL000002PoWnYAK,Paid,0011H000023tyDiQAI,Visit Grace Church,US00,USD,BWAP,100,1.64,12/1/2023,11/30/2024
a52OL00000JqfQlYAJ,Paid,0011H000023tyDiQAI,Visit Grace Church,US00,USD,BWAP,100,1.89,12/1/2024,11/30/2025
a52OL00000Afan7YAB,Paid,0011H000023uoF0QAI,Village Green Landscapes,US00,USD,BWAP,450,1.724444444,6/1/2024,5/31/2025
a52OL00000IRZfFYAX,Paid,0011H000023uodCQAQ,Canadian Chemical Producers,CA00,CAD,BWAP-Sage APA,100,2.33,11/1/2024,10/31/2025
a52OL00000CFp4vYAD,Paid,0011H000025soWOQAY,Shalom Manor,CA00,CAD,BWAP-Sage APA,400,2.15,6/22/2024,6/21/2025
a52OL000009MoIkYAK,Paid,0011H000025tIu5QAE,Beach Grove Golf Club,CA00,CAD,BWAP,250,1.816,5/1/2024,4/30/2025
a52OL00000AwVk2YAF,Paid,0011H000025tIvyQAE,Bruce Farms Ltd,CA00,CAD,BWAP-Sage APA,200,2.27,5/29/2024,5/28/2025
a52OL00000BJ0MCYA1,Paid,0011H000025tigcQAA,Belfair 1811,US00,USD,BWAP,1100,1.460909091,6/1/2024,5/31/2025
a52OL00000BqEv0YAF,Overdue,0011H000025u1wUQAQ,Dimensional Innovations,US00,USD,BWAP-Sage APA,550,1.46,6/17/2024,6/16/2025
a52OL00000EBxlWYAT,Paid,0011H000025ulKzQAI,Genesee Country Village & Museum,US00,USD,BWAP,200,1.84,8/1/2024,7/31/2025
a52OL00000ECBcdYAH,Paid,0011H000025un8NQAQ,Taft Museum of Art,US00,USD,BWAP,200,1.6,8/1/2024,7/31/2025
a52OL000007TjMAYA0,Paid,0011H000025uww8QAA,Xpress Natural Gas,US00,USD,BWAP,550,1.678181818,4/1/2024,3/31/2025
a52OL00000HeCK2YAN,Paid,0011H000025ux3nQAA,TAKU RIVER TLINGIT FIRST NATION,CA00,CAD,BWAP-Sage APA,550,2.06,10/14/2024,10/13/2025
a52OL00000BIuzyYAD,Paid,0011H000025v8v9QAA,Lost Tree Club,US00,USD,BWAP,850,1.541176471,6/1/2024,5/31/2025
a52OL00000CdspiYAB,Paid,0011H000025vAjsQAE,Downtown Detroit Partnership,US00,USD,BWAP-Sage APA,250,1.58,6/25/2024,6/24/2025
a52OL000002c0doYAA,Paid,0011H000025vQrmQAE,Poplar Grove Winery,CA00,CAD,BWAP-Sage APA,350,2.18,12/1/2023,11/30/2024
a52OL00000MWEHjYAP,Paid,0011H000025vQrmQAE,Poplar Grove Winery,CA00,CAD,BWAP-Sage APA,350,2.18,12/1/2024,11/30/2025
a52OL00000IRJDwYAP,Paid,0011H000025vjRAQAY,U-Pak Disposals(1989) Limited,CA00,CAD,BWAP-Sage APA,2400,1.58,11/1/2024,10/31/2025
a52OL00000BJ55kYAD,Paid,0011H000027dwg9QAA,Hillcrest Country Club,US00,USD,BWAP,850,1.541176471,6/1/2024,5/31/2025
a52OL000007jQK7YAM,Paid,0011H000027el3kQAA,Watkinson,US00,USD,BWAP-Sage APA,250,1.58,3/21/2024,3/20/2025
a52OL00000Hwg3aYAB,Paid,0011H000027erWrQAI,Sonmar Managment,US00,USD,BWAP-Sage APA,150,1.62,1/1/2024,12/31/2024
a52OL00000KhRXmYAN,Paid,0011H000027erWrQAI,Sonmar Managment,US00,USD,BWAP-Sage APA,100,1.64,1/1/2025,12/31/2025
a52OL00000GilEvYAJ,Paid,0011H000027fgEpQAI,Cherokee Town and Country Club,US00,USD,BWAP,1500,1.414666667,9/1/2024,8/31/2025
a52OL000006LN4bYAG,Paid,0011H000027fpJ3QAI,CHRIMS,US00,USD,BWAP-Sage APA,400,1.52,2/1/2024,1/31/2025
a52OL00000IRVYPYA5,Paid,0011H000027g2nKQAQ,Mississippi Export Railroad,US00,USD,BWAP-Sage APA,500,1.48,11/1/2024,10/31/2025
a52OL00000AfahsYAB,Paid,0011H000027gXdAQAU,Time Investment Company,US00,USD,BWAP,150,1.86,6/1/2024,5/31/2025
a52OL00000H5sNnYAJ,Paid,0011H000027gaf5QAA,Parkview Services for Seniors,CA00,CAD,BWAP-Sage APA,200,2.27,9/30/2024,9/29/2025
a52OL00000FhEMSYA3,Paid,0011H000027hGP2QAM,Kellenberger Plumbing &,US00,USD,BWAP,400,1.7475,9/1/2024,8/31/2025
a52OL0000085gwWYAQ,Paid,0011H000027hGnoQAE,Reception House Waterloo Region,CA00,CAD,BWAP-Sage APA,200,2.27,4/1/2024,3/31/2025
a52OL00000He7LzYAJ,Paid,0011H000027hJF8QAM,PETER BALLYNTINE CFS,CA00,CAD,BWAP-Sage APA,1000,1.8,10/15/2024,10/14/2025
a52OL000002c7vNYAQ,Overdue,0011H000027hdfeQAA,"JULIE, Inc.",US00,USD,BWAP-Sage APA,150,1.62,12/1/2023,11/30/2024
a52OL00000JqemVYAR,Paid,0011H000027hdfeQAA,"JULIE, Inc.",US00,USD,BWAP-Sage APA,150,1.62,12/1/2024,11/30/2025
a52OL00000HeCzyYAF,Paid,0011H000027hgDPQAY,Council Of Ontario Universities,CA00,CAD,BWAP-Sage APA,150,2.3,10/15/2024,10/14/2025
a52OL000002c2XWYAY,Paid,0011H000027hiwdQAA,Jackson District Library,US00,USD,BWAP-Sage APA,500,1.48,12/1/2023,11/30/2024
a52OL00000KMGDtYAP,Paid,0011H000027hiwdQAA,Jackson District Library,US00,USD,BWAP-Sage APA,500,1.48,12/1/2024,11/30/2025
a52OL00000BQ52ZYAT,Paid,0011H000027hl7tQAA,Apple Storage,CA00,CAD,BWAP-Sage APA,450,2.12,6/10/2024,6/9/2025
a52OL00000F0J0PYAV,Paid,0011H000027hmkKQAQ,Rose Bowl Stadium,US00,USD,BWAP-Sage APA,550,1.46,8/9/2024,8/8/2025
a52OL00000DRqj0YAD,Paid,0011H000029grXRQAY,Sisters of Divine Providence,US00,USD,BWAP-Sage APA,500,1.48,7/7/2024,7/6/2025
a52OL000005ZuyvYAC,Paid,0011H000029gtOqQAI,Foothills Creamery,CA00,USD,BWAP-Sage APA,300,2.21,2/23/2024,2/22/2025
a52OL00000FdSDYYA3,Paid,0011H000029gtRrQAI,Brampton Public Library,CA00,CAD,BWAP-Sage APA,250,2.24,8/30/2024,8/29/2025
a52OL000007jHwmYAE,Paid,0011H000029gtrjQAA,"Beutel, Goodman & Company ltd.",CA00,CAD,BWAP-Sage APA,100,2.33,4/1/2024,3/31/2025
a52OL00000InK6TYAV,Paid,0011H000029gtsdQAA,The Canadian Chamber of Commerce,CA00,CAD,BWAP-Sage APA,200,2.27,11/1/2024,10/31/2025
a52OL00000AfahuYAB,Paid,0011H000029gutoQAA,HYAS,CA00,CAD,BWAP,200,1.84,6/1/2024,5/31/2025
a52OL00000InKBJYA3,Paid,0011H000029guv9QAA,De La Salle College,CA00,CAD,BWAP-Sage APA,100,2.68,11/1/2024,10/31/2025
a52OL00000I7KhDYAV,Overdue,0011H000029guvaQAA,Luminato Festival Toronto,CA00,CAD,BWAP,150,1.86,10/1/2024,9/30/2025
a52OL00000SNe7yYAD,Paid,0011H000029guvaQAA,Luminato Festival Toronto,CA00,CAD,BWAP,100,2.68,10/1/2024,9/30/2025
a52OL000004XuPLYA0,Paid,0011H000029gv6VQAQ,MidContinental Chemical Company,US00,USD,BWAP-Sage APA,250,1.58,2/1/2024,1/31/2025
a52OL000009WNyoYAG,Paid,0011H000029jNjHQAU,Community Health,US00,USD,BWAP-Sage APA,350,1.54,4/27/2024,4/26/2025
a52OL00000IRZybYAH,Paid,0011H000029sGLjQAM,Greater Victoria Public Library,CA00,CAD,BWAP-Sage APA,500,2.09,11/1/2024,10/31/2025
a52OL00000HEbkLYAT,Paid,0011H000029sVePQAU,Areco Golf LLC,US00,USD,BWAP,850,1.541176471,10/1/2024,9/30/2025
a52OL000002PnhCYAS,Paid,0011H00002B72U7QAJ,Oakland Hill Country Club,US00,USD,BWAP,650,1.42,12/1/2023,11/30/2024
a52OL00000JqcxcYAB,Paid,0011H00002B72U7QAJ,Oakland Hill Country Club,US00,USD,BWAP,650,1.632307692,12/1/2024,11/30/2025
a52OL00000JqiTTYAZ,Paid,0011H00002B7aDfQAJ,Llanerch Country Club,US00,USD,BWAP,400,1.7475,11/1/2024,10/31/2025
a52OL000003EzdjYAC,Paid,0011H00002B8B0zQAF,New Seabury Beach Club,US00,USD,BWAP,750,1.38,1/1/2024,12/31/2024
a52OL00000LTmpzYAD,Paid,0011H00002B8B0zQAF,New Seabury Beach Club,US00,USD,BWAP,750,1.586666667,1/1/2025,12/31/2025
a52OL000003EzdkYAC,Paid,0011H00002B8B8CQAV,New Seabury Development,US00,USD,BWAP,2000,1.18,1/1/2024,12/31/2024
a52OL00000KhaKrYAJ,Paid,0011H00002B8B8CQAV,New Seabury Development,US00,USD,BWAP,2000,1.84,1/1/2025,12/31/2025
a52OL00000IRZwzYAH,Paid,0011H00002BmI31QAF,Dairy Farmers of Ontario,CA00,CAD,BWAP-Sage APA,300,2.21,11/1/2024,10/31/2025
a52OL000002cMhWYAU,Paid,0011H00002BoM7DQAV,Duxbury Yacht Club,US00,USD,BWAP,300,1.793333333,12/1/2023,11/30/2024
a52OL00000JqnbEYAR,Paid,0011H00002BoM7DQAV,Duxbury Yacht Club,US00,USD,BWAP,200,1.84,12/1/2024,11/30/2025
a52OL00000H5yWQYAZ,Paid,0011H00002BoXAwQAN,Central Lake Ontario,CA00,CAD,BWAP-Sage APA,100,2.33,10/1/2024,9/30/2025
a52OL000008O414YAC,Paid,0011H00002BozhWQAR,Ottawa Salus Corporation,CA00,CAD,BWAP-Sage APA,250,2.24,4/8/2024,4/7/2025
a52OL000006L98BYAS,Paid,0011H00002BoztQQAR,Mohawks of the Bay of Quinte,CA00,CAD,BWAP-Sage APA,1500,1.7,2/24/2024,2/23/2025
a52OL000005ZuxJYAS,Paid,0011H00002Bp0evQAB,AllCare Health,US00,USD,BWAP-Sage APA,700,1.4,2/18/2024,2/17/2025
a52OL000002PoWrYAK,Paid,0011H00002BpYbdQAF,"Cook Bonner Ebeling Construction,",US00,USD,BWAP,200,1.84,12/1/2023,11/30/2024
a52OL00000JqdK8YAJ,Paid,0011H00002BpYbdQAF,"Cook Bonner Ebeling Construction,",US00,USD,BWAP,200,1.6,12/1/2024,11/30/2025
a52OL000004utp8YAA,Paid,0011H00002BpnsiQAB,Residential Resources Inc,US00,USD,BWAP-Sage APA,200,1.6,2/4/2024,2/3/2025
a52OL00000IRYXuYAP,Overdue,0011H00002CzAumQAF,RM Corp,CA00,CAD,BWAP-Sage APA,1600,1.68,11/1/2024,10/31/2025
a52OL000002c2ShYAI,Paid,0011H00002CzW89QAF,Amway/Trout Lake Farm,US00,USD,BWAP-Sage APA,300,1.56,12/1/2023,11/30/2024
a52OL00000QwScsYAF,Paid,0011H00002CzW89QAF,Amway/Trout Lake Farm,US00,USD,BWAP-Sage APA,300,1.56,12/1/2024,11/30/2025
a52OL000002c7LtYAI,Paid,0011H00002D09cbQAB,Premier Brands,CA00,CAD,BWAP-Sage APA,500,2.09,12/1/2023,11/30/2024
a52OL00000MWBIHYA5,Paid,0011H00002D09cbQAB,Premier Brands,CA00,CAD,BWAP-Sage APA,500,2.09,12/1/2024,11/30/2025
a52OL0000056pmYYAQ,Paid,0011H00002D0PqsQAF,"Mariner Sands Country Club, Inc.",US00,USD,BWAP,750,1.586666667,2/1/2024,1/31/2025
a52OL00000IRZIfYAP,Paid,0011H00002D0bASQAZ,Elemental Energy Renewables Inc.,CA00,CAD,BWAP-Sage APA,150,2.3,11/1/2024,10/31/2025
a52OL00000IRRpnYAH,Paid,0011H00002D2UMkQAN,Heart Math,US00,USD,BWAP-Sage APA,400,1.52,11/1/2024,10/31/2025
a52OL00000603dcYAA,Paid,0011H00002D2c5DQAR,Rumson Country Club,US00,USD,BWAP,350,1.771428571,2/1/2024,1/31/2025
a52OL000007TjMHYA0,Paid,0011H00002D2yCNQAZ,DDC Management LLC,US00,USD,BWAP,150,1.86,4/1/2024,3/31/2025
a52OL000005wuU2YAI,Paid,0011H00002D3JdZQAV,FCFA Management Pty Ltd,US00,USD,BWAP,100,1.89,3/1/2024,2/28/2025
a52OL00000IRVIHYA5,Paid,0011H00002DnWVPQA3,Accelecom,US00,USD,BWAP-Sage APA,500,1.48,11/1/2024,10/31/2025
a52OL000005wrfbYAA,Paid,0011H00002Dneu7QAB,M&J Developments Limited,CA00,CAD,BWAP,300,1.793333333,3/1/2024,2/28/2025
a52OL00000BpPJ1YAN,Paid,0011H00002Dneu7QAB,M&J Developments Limited,CA00,CAD,BWAP,300,1.793333333,3/1/2024,2/28/2025
a52OL00000T8fGdYAJ,Paid,0011H00002DnzSDQAZ,BFM Foundation Thrift Store,CA00,CAD,BWAP-Sage APA,100,2.33,11/22/2024,11/21/2025
a52OL000007jMmlYAE,Overdue,0011H00002DpPyIQAV,Resthaven,US00,USD,BWAP-Sage APA,450,1.5,1/29/2024,1/28/2025
a52OL0000085mgvYAA,Paid,0011H00002DpPyIQAV,Resthaven,US00,USD,BWAP-Sage APA,0,1.5,1/29/2024,1/28/2025
a52OL00000BQAyIYAX,Paid,0011H00002Dq96uQAB,Zoological Society of Milwaukee,US00,USD,BWAP-Sage APA,150,1.62,6/14/2024,6/13/2025
a52OL000004AGCTYA4,Paid,0011H00002Dq9VRQAZ,Spectrum Society,CA00,CAD,BWAP-Sage APA,150,2.3,1/22/2024,1/21/2025
a52OL00000MWFXAYA5,Paid,0011H00002Dq9VRQAZ,Spectrum Society,CA00,CAD,BWAP-Sage APA,150,2.3,1/1/2025,12/31/2025
a52OL000007snZEYAY,Paid,0011H00002DqAqtQAF,BC Dairy Association,CA00,CAD,BWAP-Sage APA,150,2.3,4/1/2024,3/31/2025
a52OL00000F0IsLYAV,Paid,0011H00002DqLiaQAF,Health Plans Inc.,US00,USD,BWAP-Sage APA,450,1.5,8/10/2024,8/9/2025
a52OL00000AfanRYAR,Paid,0015a00002eYrRWAA0,Eagle River Cap,US00,USD,BWAP,500,1.702,6/1/2024,5/31/2025
a52OL00000HwoltYAB,Paid,0015a00002eYrvgAAC,Jewish Family Service,US00,USD,BWAP-Sage APA,100,1.64,5/5/2024,5/4/2025
a52OL000007jLsIYAU,Paid,0015a00002ex2KhAAI,CCHC,CA00,CAD,BWAP-Sage APA,150,2.3,3/31/2024,3/30/2025
a52OL000008SUhnYAG,Paid,0015a00002exNfSAAU,Colleton River Club,US00,USD,BWAP,750,1.586666667,4/1/2024,3/31/2025
a52OL000005ZoiEYAS,Paid,0015a00002exNpZAAU,First Nations Market Housing Fund,CA00,CAD,BWAP-Sage APA,100,2.33,2/22/2024,2/21/2025
a52OL000004TDUEYA4,Paid,0015a00002exU31AAE,Breeze Homes,US00,USD,BWAP,300,1.793333333,2/1/2024,1/31/2025
a52OL000009M2IzYAK,Paid,0015a00002exaSwAAI,"High Hampton Resort, LLC",US00,USD,BWAP,450,1.724444444,5/1/2024,4/30/2025
a52OL000006hNfSYAU,Paid,0015a00002exg0jAAA,The Fort Worth Club,US00,USD,BWAP,700,1.61,3/1/2024,2/28/2025
a52OL000006hQoeYAE,Paid,0015a00002exkcDAAQ,Troubadour Golf and Field Club LLC,US00,USD,BWAP,750,1.586666667,3/1/2024,2/28/2025
a52OL000005wuUSYAY,Paid,0015a00002eyHjyAAE,Talbot Hospice,US00,USD,BWAP,100,1.89,3/1/2024,2/28/2025
a52OL00000CdqO9YAJ,Paid,0015a00002gwmmkAAA,Jif-Pak,US00,CAD,BWAP-Sage APA,650,1.42,6/30/2024,6/29/2025
a52OL00000AfanQYAR,Paid,0015a00002hDcfqAAC,Everlink Payment Services Inc.,CA00,CAD,BWAP,300,1.793333333,6/1/2024,5/31/2025
a52OL000007Tg5cYAC,Paid,0015a00002hDcvAAAS,Friends of Waterfront Seattle,US00,USD,BWAP,100,1.89,4/1/2024,3/31/2025
a52OL000009WO3fYAG,Paid,0015a00002hDgGXAA0,Pretzel Baron,US00,USD,BWAP-Sage APA,400,1.52,4/30/2024,4/29/2025
a52OL000007jPvuYAE,Paid,0015a00002hEUhaAAG,NACCA,CA00,CAD,BWAP-Sage APA,200,2.27,3/29/2024,3/28/2025
a52OL000008kPRqYAM,Paid,0015a00002hEl0aAAC,Kawartha Conservation,CA00,CAD,BWAP-Sage APA,100,2.33,4/7/2024,4/6/2025
a52OL00000PqziZYAR,Paid,0015a00002hEwi3AAC,Goodwill of Northern IL,US00,USD,BWAP-Sage APA,650,1.42,1/1/2025,12/31/2025
a52OL00000V0I80YAF,Paid,0015a00002hEwi3AAC,Goodwill of Northern IL,US00,USD,BWAP-Sage APA,650,1.42,1/1/2025,12/31/2025
a52OL00000AE1OIYA1,Paid,0015a00002hFVWKAA4,Knox Area Rescue Ministries Inc,US00,USD,BWAP-Sage APA,250,1.58,5/19/2024,5/18/2025
a52OL00000IRa9tYAD,Paid,0015a00002hFW2rAAG,J.E. Agnew Food Services Ltd.,CA00,CAD,BWAP-Sage APA,800,1.91,11/1/2024,10/31/2025
a52OL000009M2XRYA0,Paid,0015a00002iGevTAAS,Sankaty Head Golf Club,US00,USD,BWAP,250,1.816,5/1/2024,4/30/2025
a52OL00000AfanXYAR,Paid,0015a00002ixtvbAAA,Virginia Institute of Autism,US00,USD,BWAP,150,1.86,6/1/2024,5/31/2025
a52OL00000BIzy0YAD,Paid,0015a00002jzi7qAAA,"Kensington Golf & Country Club,",US00,USD,BWAP,550,1.678181818,6/1/2024,5/31/2025
a52OL000009Hjl9YAC,Paid,0015a00002kMofCAAS,"BRIDGES, Inc.",US00,USD,BWAP-Sage APA,100,1.64,5/3/2024,5/2/2025
a52OL00000FhBg1YAF,Paid,0015a00002mUYYxAAO,"SIGMA GAMMA RHO SORORITY , INC.",US00,USD,BWAP,150,1.86,9/1/2024,8/31/2025
a52OL00000BIzWXYA1,Paid,0015a00002mlZ5YAAU,Dunes Golf and Beach Club,US00,USD,BWAP,650,1.632307692,6/1/2024,5/31/2025
a52OL00000He4r7YAB,Overdue,0015a00002nBD70AAG,Hicuity Health Inc.,US00,USD,BWAP-Sage APA,200,1.6,10/1/2024,9/30/2025
a52OL00000ElmtyYAB,Paid,0015a00002nBT1EAAW,Washington Golf and Country Club,US00,USD,BWAP,600,1.656666667,8/1/2024,7/31/2025
a52OL00000G7EuhYAF,Paid,0015a00002nBnqtAAC,Naturgy Candela DevCo.,US00,USD,BWAP,150,1.62,9/1/2024,8/31/2025
a52OL00000EdYD3YAN,Paid,0015a00002nD5g5AAC,Hirshfield's,US00,USD,BWAP-Sage APA,450,1.5,8/8/2024,8/7/2025
a52OL00000Eli2MYAR,Paid,0015a00002nDUK2AAO,Claremont Country Club,US00,USD,BWAP,500,1.702,8/1/2024,7/31/2025
a52OL000002c94MYAQ,Paid,0015a00002nEcNJAA0,Tim McDowell Equipment Ltd,CA00,CAD,BWAP-Sage APA,150,2.3,11/28/2023,11/27/2024
a52OL00000JqcfrYAB,Paid,0015a00002nEcNJAA0,Tim McDowell Equipment Ltd,CA00,CAD,BWAP-Sage APA,150,2.3,11/28/2024,11/27/2025
a52OL00000IRS5uYAH,Paid,0015a00002ntG7bAAE,Spectrum For Living,US00,USD,BWAP-Sage APA,750,1.38,10/22/2024,10/21/2025
a52OL000007jQDdYAM,Paid,0015a00002oKBrZAAW,Peregrine Financial Corporation,US00,USD,BWAP-Sage APA,300,1.56,12/1/2023,11/30/2024
a52OL00000MWGZdYAP,Paid,0015a00002oKBrZAAW,Peregrine Financial Corporation,US00,USD,BWAP-Sage APA,300,1.56,12/1/2024,11/30/2025
a52OL00000EBxlHYAT,Paid,0015a00002oLkRSAA0,Vibrant Cities,US00,USD,BWAP,150,1.86,8/1/2024,7/31/2025
a52OL00000EdVNGYA3,Paid,0015a00002ox5cPAAQ,HHM CPAS,US00,USD,BWAP-Sage APA,350,1.54,8/5/2024,8/4/2025
a52OL00000NYgIvYAL,Paid,0015a00002oxCxfAAE,RI Interlocal Risk Management Trust,US00,USD,BWAP,100,1.89,10/1/2024,9/30/2025
a52OL000004Ekv8YAC,Paid,0015a00002pPjK0AAK,Grand Harbour Golf & Beach Club,US00,USD,BWAP,750,1.4,2/1/2024,12/31/2024
a52OL00000MWEUdYAP,Paid,0015a00002pPjK0AAK,Grand Harbour Golf & Beach Club,US00,USD,BWAP,850,1.541176471,1/1/2025,12/31/2025
a52OL00000LsItWYAV,Paid,0015a00002pQ4R3AAK,Clean Uniform,US00,USD,BWAP-Sage APA,2000,1.18,10/27/2024,10/26/2025
a52OL000003BG1KYAW,Paid,0015a00002pQZdXAAW,Campbell Clinic,US00,USD,BWAP-Sage APA,1500,1.23,12/8/2023,12/7/2024
a52OL00000JqesuYAB,Paid,0015a00002pQZdXAAW,Campbell Clinic,US00,USD,BWAP-Sage APA,1500,1.23,12/8/2024,12/7/2025
a52OL00000FvecpYAB,Paid,0015a00002pRyxPAAS,Bear River Band,US00,USD,BWAP-Sage APA,700,1.4,9/3/2024,9/2/2025
a52OL00000B20GvYAJ,Paid,0015a00002pSttXAAS,Goodwill Industries,US00,USD,BWAP-Sage APA,500,1.48,11/18/2023,11/17/2024
a52OL00000JHPOuYAP,Paid,0015a00002pSttXAAS,Goodwill Industries,US00,USD,BWAP-Sage APA,500,1.48,11/18/2024,11/17/2025
a52OL00000G29VsYAJ,Paid,0015a00002q3Ax7AAE,North Shore Country Club,US00,USD,BWAP,450,1.724444444,9/1/2024,8/31/2025
a52OL00000G4KjhYAF,Paid,0015a00002q3BepAAE,Sterling Oaks Community,US00,USD,BWAP,200,1.84,9/1/2024,8/31/2025
a52OL00000GnpeTYAR,Paid,0015a00002q3UFWAA2,Louisville Convention,US00,USD,BWAP-Sage APA,400,1.52,9/20/2024,9/19/2025
a52OL00000GVUzvYAH,Paid,0015a00002q4ApVAAU,Bonita Springs Fire Control,US00,USD,BWAP-Sage APA,250,1.58,9/16/2024,9/15/2025
a52OL00000HFUluYAH,Paid,0015a00002qYNzDAAW,Los Altos Golf & Country Club,US00,USD,BWAP,650,1.632307692,10/1/2024,9/30/2025
a52OL00000GwlB7YAJ,Paid,0015a00002qYYwDAAW,HC Habitation,CA00,CAD,BWAP,350,1.771428571,10/1/2024,9/30/2025
a52OL00000MW9zhYAD,Paid,0015a00002qZ3AwAAK,Algoma District Services Board,CA00,CAD,BWAP-Sage APA,600,2.03,10/28/2024,10/27/2025
a52OL00000Ce4h9YAB,Paid,0015a00002qZOvgAAG,Iron Worker Benny,US00,USD,BWAP-Sage APA,800,1.36,7/1/2024,6/30/2025
a52OL00000GVYSRYA5,Paid,0015a00002qaHzKAAU,Enartis USA,US00,USD,BWAP-Sage APA,250,1.58,9/16/2024,9/15/2025
a52OL00000Hwqu7YAB,Paid,0015a00002qb1vQAAQ,ROLLING MIX CONCRETE,CA00,CAD,BWAP-Sage APA,850,1.88,10/21/2024,10/20/2025
a52OL00000H5qiZYAR,Paid,0015a00002qc03uAAA,Chiefs of Ontario,CA00,CAD,BWAP-Sage APA,150,2.3,9/30/2024,9/29/2025
a52OL00000HFZYNYA5,Paid,0015a00002qyyQbAAI,Bellerive Country Club,US00,USD,BWAP,850,1.541176471,10/1/2024,9/30/2025
a52OL000002c7DpYAI,Paid,0015a00002qzdpdAAA,Pathstone Mental Health,CA00,CAD,BWAP-Sage APA,400,2.15,11/8/2023,11/7/2024
a52OL00000InGXWYA3,Paid,0015a00002qzdpdAAA,Pathstone Mental Health,CA00,CAD,BWAP-Sage APA,400,2.15,11/8/2024,11/7/2025
a52OL000002c7VZYAY,Paid,0015a00002qzvG2AAI,Advance Ready Mix,US00,USD,BWAP-Sage APA,800,1.36,11/23/2023,11/22/2024
a52OL00000JqjRBYAZ,Paid,0015a00002qzvG2AAI,Advance Ready Mix,US00,USD,BWAP-Sage APA,800,1.36,11/23/2024,11/22/2025
a52OL00000He3DWYAZ,Paid,0015a00002rWAsuAAG,North Carolina Symphony,US00,USD,BWAP-Sage APA,150,1.62,6/1/2024,5/31/2025
a52OL00000HwiN6YAJ,Overdue,0015a00002rWAsuAAG,North Carolina Symphony,US00,USD,BWAP-Sage APA,150,1.62,6/1/2024,5/31/2025
a52OL00000IROySYAX,Paid,0015a00002rWSk3AAG,Jack Victor,CA00,CAD,BWAP-Sage APA,1000,1.8,11/1/2024,10/31/2025
a52OL00000CMUYqYAP,Paid,0015a00002rYk10AAC,Virtus Group LLP,CA00,CAD,BWAP,250,1.816,7/1/2024,6/30/2025
a52OL000007Tg51YAC,Paid,0015a00002s7WkyAAE,Town of Riverview,CA00,CAD,BWAP,650,1.632307692,4/1/2024,3/31/2025
a52OL000002c2hFYAQ,Paid,0015a00002s8LtXAAU,Cetronia Ambulance Corps,US00,USD,BWAP-Sage APA,200,1.6,12/1/2023,11/30/2024
a52OL00000MW90KYAT,Paid,0015a00002s8LtXAAU,Cetronia Ambulance Corps,US00,USD,BWAP-Sage APA,150,1.62,12/1/2024,11/30/2025
a52OL000002Pkx7YAC,Paid,0015a00002sAlVJAA0,Spruce It Up Garden Center,CA00,CAD,BWAP,300,1.56,12/1/2023,11/30/2024
a52OL00000Xy2dRYAR,Paid,0015a00002sAlVJAA0,Spruce It Up Garden Center,CA00,CAD,BWAP,200,2.61,12/1/2024,11/30/2025
a52OL00000IRM3jYAH,Paid,0015a00002sAm4JAAS,Cascadia Windows,CA00,CAD,BWAP-Sage APA,700,1.97,11/1/2024,10/31/2025
a52OL00000InGu5YAF,Paid,0015a00002srk7yAAA,K2 Insurance Services,US00,USD,BWAP,500,1.702,11/1/2024,10/31/2025
a52OL00000TrxKdYAJ,Paid,0015a00002srk7yAAA,K2 Insurance Services,US00,USD,BWAP,500,1.702,11/1/2024,10/31/2025
a52OL000002cOUnYAM,Paid,0015a00002ssENBAA2,Urbana Country Club,US00,USD,BWAP,300,1.793333333,12/1/2023,11/30/2024
a52OL00000Jqms3YAB,Paid,0015a00002ssENBAA2,Urbana Country Club,US00,USD,BWAP,200,1.84,12/1/2024,11/30/2025
a52OL00000JualpYAB,Paid,0015a00002ssr4lAAA,"White Pass Co, Inc",US00,USD,BWAP,550,1.46,10/1/2024,9/30/2025
a52OL000005GkonYAC,Paid,0015a00002suDCUAA2,ATA Comp Fund,US00,USD,BWAP-Sage APA,150,1.62,2/10/2024,2/9/2025
a52OL000002bvuGYAQ,Paid,0015a00002suDx4AAE,CGA,US00,USD,BWAP-Sage APA,100,1.64,11/15/2023,11/14/2024
a52OL00000JHbHxYAL,Paid,0015a00002suDx4AAE,CGA,US00,USD,BWAP-Sage APA,100,1.64,11/15/2024,11/14/2025
a52OL00000InCnGYAV,Paid,0015a00002syR4oAAE,Progressive Quality Care - (NEW),US00,USD,BWAP,1700,1.391764706,11/1/2024,10/31/2025
a52OL00000EBxlcYAD,Paid,0015a00002sym6TAAQ,Graland Country Day School,US00,USD,BWAP,250,1.816,8/1/2024,7/31/2025
a52OL00000EH0I7YAL,Paid,0015a00002sz1oBAAQ,Groupe BBH Inc,CA00,CAD,BWAP-Sage APA,500,2.09,8/1/2024,7/31/2025
a52OL000002PoWqYAK,Paid,0015a00002tgr0JAAQ,Tradition Wealth Management LLC,US00,USD,BWAP,100,1.89,12/1/2023,11/30/2024
a52OL00000JqbiIYAR,Paid,0015a00002tgr0JAAQ,Tradition Wealth Management LLC,US00,USD,BWAP,100,1.89,12/1/2024,11/30/2025
a52OL000003RLkzYAG,Paid,0015a00002thHZGAA2,Equity Exploration Consultants Ltd.,CA00,CAD,BWAP-Sage APA,350,2.18,1/1/2024,12/31/2024
a52OL00000LTtxtYAD,Paid,0015a00002thHZGAA2,Equity Exploration Consultants Ltd.,CA00,CAD,BWAP-Sage APA,350,2.18,1/1/2025,12/31/2025
a52OL000003aYSsYAM,Paid,0015a00002tiY5aAAE,Viking Client Services,US00,USD,BWAP-Sage APA,250,1.58,1/11/2024,1/10/2025
a52OL00000MWDLfYAP,Paid,0015a00002tiY5aAAE,Viking Client Services,US00,USD,BWAP-Sage APA,250,1.58,1/1/2025,12/31/2025
a52OL000007v33aYAA,Paid,0015a00002uHOSZAA4,"Lost City Golf Club, Inc.",US00,USD,BWAP,200,1.84,4/1/2024,3/31/2025
a52OL000003EsJ3YAK,Paid,0015a00002uJfIuAAK,Veritas Construction,US00,USD,BWAP,50,2,1/1/2024,12/31/2024
a52OL00000KhMZfYAN,Paid,0015a00002uJfIuAAK,Veritas Construction,US00,USD,BWAP,50,2,1/1/2025,12/31/2025
a52OL000007uXoZYAU,Paid,0015a00002uuKZUAA2,COBBLESTONE CREEK COUNTRY CLUB,US00,USD,BWAP,250,1.816,4/1/2024,3/31/2025
a52OL000007jM3cYAE,Paid,0015a00002uuQzeAAE,REMSA,US00,USD,BWAP-Sage APA,500,1.48,3/31/2024,3/30/2025
a52OL0000056g4wYAA,Paid,0015a00002uwT6fAAE,Victory Ranch Utah,US00,USD,BWAP,750,1.586666667,2/1/2024,1/31/2025
a52OL00000Jqf7VYAR,Paid,0015a00002vUbo2AAC,Faraday Copper Corp,CA00,CAD,BWAP,150,1.86,12/1/2024,11/30/2025
a52OL00000BIyYtYAL,Paid,0015a00002vV7OEAA0,Ocean Club Key Biscayne,US00,USD,BWAP,700,1.61,6/1/2024,5/31/2025
a52OL00000Afan3YAB,Paid,0015a00002vVC79AAG,OBS Global,CA00,CAD,BWAP,500,1.702,6/1/2024,5/31/2025
a52OL00000BLsBxYAL,Paid,0015a00002vWVDiAAO,Country Hills Golf Club,CA00,CAD,BWAP,450,1.724444444,6/1/2024,5/31/2025
a52OL000009345JYAQ,Paid,0015a00002vXFiWAAW,Visit Phoenix,US00,USD,BWAP,200,1.84,5/1/2024,4/30/2025
a52OL00000FhBflYAF,Paid,0015a00002vXKg9AAG,United Metals LLC,US00,USD,BWAP,1300,1.437692308,9/1/2024,8/31/2025
a52OL000002cOOLYA2,Paid,0015a00002vXRUAAA4,The Club at 3 Creek,US00,USD,BWAP,400,1.7475,12/1/2023,11/30/2024
a52OL00000JqdOxYAJ,Paid,0015a00002vXRUAAA4,The Club at 3 Creek,US00,USD,BWAP,400,1.7475,12/1/2024,11/30/2025
a52OL00000AcR6KYAV,Paid,0015a00002wA7myAAC,WeRPN,CA00,CAD,BWAP-Sage APA,100,2.33,2/3/2024,2/2/2025
a52OL0000056uZKYAY,Paid,0015a00002we1LrAAI,"Dunn Golf Group, LLC",US00,USD,BWAP,550,1.678181818,2/1/2024,1/31/2025
a52OL00000InKzJYAV,Paid,0015a00002wejMnAAI,CAI Capital Partners GP Inc.,CA00,CAD,BWAP,100,1.89,11/1/2024,10/31/2025
a52OL000008SkzNYAS,Paid,0015a00002xD91zAAC,GlenArbor Golf Club,US00,USD,BWAP,300,1.793333333,4/1/2024,3/31/2025
a52OL000007Tg5WYAS,Paid,0015a00002xqTOvAAM,Think Together,US00,USD,BWAP,450,1.724444444,4/1/2024,3/31/2025
a52OL00000G29sUYAR,Paid,0015a00002yxFFPAA2,Forsyth Country Club,US00,USD,BWAP,600,1.656666667,9/1/2024,8/31/2025
a52OL000003YtUzYAK,Paid,0015a00002yybIhAAI,Lakewood Country Club,US00,USD,BWAP,750,1.586666667,12/1/2023,11/30/2024
a52OL00000Jqfx3YAB,Paid,0015a00002yybIhAAI,Lakewood Country Club,US00,USD,BWAP,500,1.702,12/1/2024,11/30/2025
a52OL000003HWbFYAW,Paid,0015a00002yybMZAAY,Sunningdale Country Club,US00,USD,BWAP,350,1.54,1/1/2024,12/31/2024
a52OL00000KhR37YAF,Paid,0015a00002yybMZAAY,Sunningdale Country Club,US00,USD,BWAP,300,1.793333333,1/1/2025,12/31/2025
a52OL00000MWEMYYA5,Paid,0015a00002yybfRAAQ,DETROIT GOLF CLUB,US00,USD,BWAP,650,1.632307692,10/1/2024,9/30/2025
a52OL000002PnxLYAS,Paid,0015a00002z0QT0AAM,Jericho Tennis Club,CA00,CAD,BWAP,250,1.58,12/1/2023,11/30/2024
a52OL000004R1KIYA0,Overdue,0015a00002z0QT0AAM,Jericho Tennis Club,CA00,CAD,BWAP,250,1.816,12/1/2023,11/30/2024
a52OL00000JqphqYAB,Paid,0015a00002z0QT0AAM,Jericho Tennis Club,CA00,CAD,BWAP,300,1.793333333,12/1/2024,11/30/2025
a52OL00000IRID1YAP,Paid,0015a00002ze4dLAAQ,Rural County Representatives,US00,USD,BWAP-Sage APA,200,1.6,11/1/2024,10/31/2025
a52OL000008SkkrYAC,Paid,0015a00002ze5VqAAI,Autism Society of Ontario,CA00,CAD,BWAP-Sage APA,500,2.09,4/19/2024,4/18/2025
a52OL00000F97mPYAR,Paid,0015a00002zexH5AAI,Naples Marina Owner LLC,US00,USD,BWAP,400,1.7475,8/1/2024,7/31/2025
a52OL00000D3lxQYAR,Paid,0015a00002zf2arAAA,Stonebridge Country Club (Illinois),US00,USD,BWAP,300,1.793333333,7/1/2024,6/30/2025
a52OL00000BIwwrYAD,Paid,0015a00002zuSljAAE,"Ballyneal Golf, Ltd.",US00,USD,BWAP,250,1.816,6/1/2024,5/31/2025
a52OL00000FLbWzYAL,Overdue,0015a00002zvFURAA2,Duso’s Enterprises Ltd.,CA00,CAD,BWAP-Sage APA,400,2.15,7/27/2024,7/26/2025
a52OL00000Ce0lbYAB,Paid,0015a000030dWZyAAM,Rogers Manufacturing,US00,USD,BWAP-Sage APA,1800,1.2,7/1/2024,6/30/2025
a52OL00000AfdxtYAB,Paid,0015a000030gkDuAAI,Trinity Oilfield Services & Rentals,US00,USD,BWAP,400,1.7475,6/1/2024,5/31/2025
a52OL00000B1pWoYAJ,Overdue,0015a000031GM6vAAG,CONCERN Professional Services,US00,USD,BWAP-Sage APA,300,1.56,6/3/2024,6/2/2025
a52OL00000FrOrcYAF,Paid,0015a000031GM6vAAG,CONCERN Professional Services,US00,USD,BWAP-Sage APA,400,1.52,6/3/2024,6/2/2025
a52OL00000D3LzhYAF,Paid,0015a000031GORiAAO,Sharon Heights Country Club,US00,USD,BWAP,550,1.678181818,7/1/2024,6/30/2025
a52OL00000EGq94YAD,Paid,0015a000031HmTRAA0,Northern Uniform Service,CA00,CAD,BWAP-Sage APA,250,2.24,8/1/2024,7/31/2025
a52OL00000B1o2tYAB,Paid,0015a000031mwYAAAY,Casey House,CA00,CAD,BWAP-Sage APA,200,2.27,6/1/2024,5/31/2025
a52OL00000FLOOUYA5,Paid,0015a000031mwYAAAY,Casey House,CA00,CAD,BWAP-Sage APA,200,2.27,6/1/2024,5/31/2025
a52OL000009345vYAA,Paid,0015a000031p3ObAAI,CFP Administration,US00,USD,BWAP,100,1.89,5/1/2024,4/30/2025
a52OL00000G2FTDYA3,Paid,0015a000031pNH6AAM,Diablo Country Club,US00,USD,BWAP,500,1.702,9/1/2024,8/31/2025
a52OL00000EGmlPYAT,Paid,0015a000031q7I3AAI,W.P. Telectronics Ltd.,CA00,CAD,BWAP-Sage APA,200,2.27,8/1/2024,7/31/2025
a52OL00000BqWrtYAF,Paid,0015a000031qLabAAE,Whistler Welding Services,CA00,CAD,BWAP,250,1.816,6/1/2024,5/31/2025
a52OL00000FvYSZYA3,Paid,0015a000032GjPLAA0,CLHA,CA00,CAD,BWAP-Sage APA,150,2.3,9/1/2024,8/31/2025
a52OL00000AfampYAB,Paid,0015a000032Gq7wAAC,Atlantic Shores Christian School,US00,USD,BWAP,100,1.89,6/1/2024,5/31/2025
a52OL00000Imx0EYAR,Paid,0015a000032HnSpAAK,NorthPointe Christian Schools,US00,USD,BWAP,150,1.86,11/1/2024,10/31/2025
a52OL00000HFRhUYAX,Paid,0015a000032JNdlAAG,WINDSOR PROPERTIES /,US00,USD,BWAP,600,1.656666667,10/1/2024,9/30/2025
a52OL00000BIn2RYAT,Paid,0015a000032xFliAAE,"Port Royal Club, Inc.",US00,USD,BWAP,350,1.771428571,6/1/2024,5/31/2025
a52OL00000ECBcRYAX,Paid,0015a000032xieMAAQ,Team NEO Foundation,US00,USD,BWAP,100,1.89,8/1/2024,7/31/2025
a52OL00000GwmsoYAB,Paid,0015a000032yHDrAAM,Alberta Recycling Management,CA00,CAD,BWAP,250,1.816,10/1/2024,9/30/2025
a52OL00000AfanJYAR,Paid,0015a000032zBzhAAE,EMC Media Consulting,CA00,CAD,BWAP,100,1.89,6/1/2024,5/31/2025
a52OL00000GwlBGYAZ,Paid,0015a000033UijSAAS,Oxford County,CA00,CAD,BWAP,2600,1.322692308,10/1/2024,9/30/2025
a52OL00000ECBcXYAX,Paid,0015a000033V0wjAAC,Yogibo,US00,USD,BWAP,300,1.793333333,8/1/2024,7/31/2025
a52OL00000GwlB8YAJ,Paid,0015a000033W9YFAA0,Augustine Institute,US00,USD,BWAP,250,1.816,10/1/2024,9/30/2025
a52OL00000He4uLYAR,Paid,0015a000033WqiPAAS,Williamson IR,US00,USD,BWAP-Sage APA,200,1.6,9/8/2024,9/7/2025
a52OL00000EGit5YAD,Paid,0015a000034Uv5FAAS,Commercial Furniture Transport,US00,USD,BWAP-Sage APA,450,1.5,8/1/2024,7/31/2025
a52OL000004TDEEYA4,Paid,0015a000034XDWWAA4,Town of Westlock,CA00,CAD,BWAP,200,2.61,2/1/2024,1/31/2025
a52OL000007urSEYAY,Paid,0015a000034YdKiAAK,The Saskatoon Club,CA00,CAD,BWAP,100,1.89,4/1/2024,3/31/2025
a52OL00000HbVkbYAF,Paid,0015a000035OKK4AAO,Taos Ski Valley,US00,USD,BWAP,900,1.517777778,10/1/2024,9/30/2025
a52OL00000JqiRvYAJ,Paid,0015a0000367twOAAQ,Blackhawk Country Club,US00,USD,BWAP,1300,1.437692308,11/1/2024,10/31/2025
a52OL00000JHbMnYAL,Paid,0015a000036wdgbAAA,Otsuka America Inc.,US00,USD,BWAP-Sage APA,150,1.62,11/30/2024,11/29/2025
a52OL00000JqigNYAR,Paid,0015a000036xF8DAAU,COPPERLEAF GOLF & COUNTRY CLUB,US00,USD,BWAP,200,1.84,11/1/2024,10/31/2025
a52OL00000IRKMtYAP,Paid,0015a000037TLv0AAG,eClinicalWorks and its Affiliates,US00,USD,BWAP-Sage APA,750,1.38,11/1/2024,10/31/2025
a52OL00000HkEEIYA3,Paid,0015a000037VG6aAAG,Edifice Le Coin Inc.,CA00,CAD,BWAP-Sage APA,1700,1.66,10/1/2024,9/30/2025
a52OL00000LYyk2YAD,Paid,0015a000037Vs1RAAS,Muskoka Lumber,CA00,CAD,BWAP,550,2.369090909,11/1/2024,10/31/2025
a52OL00000QwR8xYAF,Paid,0015a000037WdMgAAK,Design Roofing,CA00,CAD,BWAP-Sage APA,200,2.27,6/30/2024,6/29/2025
a52OL00000Ce2YvYAJ,Paid,0015a000038IBIBAA4,Access Communications,CA00,CAD,BWAP-Sage APA,1100,1.78,7/1/2024,6/30/2025
a52OL00000InIFyYAN,Paid,0015a000038JSRvAAO,Canoe Brook Country Club,US00,USD,BWAP,500,1.702,11/1/2024,10/31/2025
a52OL00000NoBEPYA3,Overdue,0015a000038KqMgAAK,"Unified Door and Hardware Group,",US00,USD,BWAP,4200,1.253571429,1/1/2025,12/31/2025
a52OL00000NoGdpYAF,Overdue,0015a000038KqMgAAK,"Unified Door and Hardware Group,",US00,USD,BWAP,6000,1.1845,1/1/2024,12/31/2024
a52OL00000I781iYAB,Overdue,0015a000038LBISAA4,"Park Lawn Memorial Group, LLC",CA00,CAD,BWAP,1400,1.713541667,3/1/2024,2/28/2025
a52OL00000FhEM3YAN,Paid,0015a000039FHLAAA4,Redhead Equipment,CA00,CAD,BWAP,6600,1.161515152,9/1/2024,8/31/2025
a52OL000002c7LuYAI,Overdue,0015a000039GbFWAA0,Groupe Immobilier VP Inc,CA00,CAD,BWAP-Sage APA,1600,1.68,11/25/2023,11/24/2024
a52OL00000JqlMbYAJ,Paid,0015a000039GbFWAA0,Groupe Immobilier VP Inc,CA00,CAD,BWAP-Sage APA,1600,1.68,11/25/2024,11/24/2025
a52OL00000LTpvtYAD,Paid,0015a000039HQ5QAAW,Town of Ross,US00,USD,BWAP-Sage APA,100,1.64,1/1/2025,12/31/2025
a52OL00000CMUZ9YAP,Paid,0015a000039uIYWAA2,LXT AI Inc,CA00,CAD,BWAP,100,1.89,7/1/2024,6/30/2025
a52OL00000EBxlUYAT,Paid,0015a000039ucprAAA,Wildhorse Resort and Casino,US00,USD,BWAP,2200,1.345454545,8/1/2024,7/31/2025
a52OL000004uy2PYAQ,Paid,0015a000039w9FYAAY,The Mining Industry,CA00,CAD,BWAP-Sage APA,100,2.33,12/12/2023,12/11/2024
a52OL00000LsjVXYAZ,Paid,0015a000039w9FYAAY,The Mining Industry,CA00,CAD,BWAP-Sage APA,100,2.33,12/12/2024,12/11/2025
a52OL000002PpLSYA0,Paid,0015a000039xPaZAAU,Utica Comets/Mohawk Valley,US00,USD,BWAP,700,1.61,12/1/2023,11/30/2024
a52OL00000JqdbsYAB,Paid,0015a000039xPaZAAU,Utica Comets/Mohawk Valley,US00,USD,BWAP,700,1.61,12/1/2024,11/30/2025
a52OL000002ocVcYAI,Paid,0015a000039xTsrAAE,WILDWOOD CABINETS,CA00,CAD,BWAP-Sage APA,750,1.94,12/15/2023,12/14/2024
a52OL00000JqlmMYAR,Paid,0015a000039xTsrAAE,WILDWOOD CABINETS,CA00,CAD,BWAP-Sage APA,750,1.97,12/15/2024,12/14/2025
a52OL000006gKZxYAM,Paid,0015a00003Aq6mSAAR,Mirasol,US00,USD,BWAP,1900,1.368421053,3/1/2024,2/28/2025
a52OL0000056cPWYAY,Paid,0015a00003BQSsuAAH,Delaire Country Club,US00,USD,BWAP,800,1.56375,2/1/2024,1/31/2025
a52OL0000056TvmYAE,Paid,0015a00003BROULAA5,Altadena Town & Country Club,US00,USD,BWAP,700,1.61,2/1/2024,1/31/2025
a52OL000005wvjJYAQ,Paid,0015a00003BSILWAA5,Denver Rescue Mission,US00,USD,BWAP,600,1.656666667,3/1/2024,2/28/2025
a52OL000007TjMMYA0,Paid,0015a00003BSjROAA1,Health West Inc.,US00,USD,BWAP,600,1.656666667,4/1/2024,3/31/2025
a52OL000008SzojYAC,Paid,0015a00003CEoDvAAL,"Quail Creek Village Foundation, Inc",US00,USD,BWAP,200,1.84,2/1/2024,1/31/2025
a52OL0000056xYoYAI,Paid,0015a00003CFgsqAAD,St. Andrews Country Club,US00,USD,BWAP,1700,1.391764706,2/1/2024,1/31/2025
a52OL000006hJTqYAM,Paid,0015a00003CGBbSAAX,Cherokee Country Club,US00,USD,BWAP,550,1.678181818,3/1/2024,2/28/2025
a52OL00000GVa9FYAT,Paid,0015a00003CH5uVAAT,Samco Technologies,US00,USD,BWAP-Sage APA,350,1.54,8/24/2024,8/23/2025
a52OL000006hHF6YAM,Paid,0015a00003CbAA1AAN,Northmoor Country Club,US00,USD,BWAP,500,1.702,3/1/2024,2/28/2025
a52OL00000JHZEZYA5,Paid,0015a00003CbW03AAF,Family Dynamix - NEW,CA00,CAD,BWAP-Sage APA,100,2.33,11/24/2024,11/23/2025
a52OL0000056jpCYAQ,Paid,0015a00003CbWNbAAN,The Country Club of Birmingham,US00,USD,BWAP,700,1.61,2/1/2024,1/31/2025
a52OL0000056k0aYAA,Paid,0015a00003Cbfy6AAB,Forest Hills Country Club,US00,USD,BWAP,600,1.656666667,2/1/2024,1/31/2025
a52OL000007v3wQYAQ,Paid,0015a00003CbhHJAAZ,Carolina Country Club,US00,USD,BWAP,350,1.771428571,4/1/2024,3/31/2025
a52OL000006e9AqYAI,Paid,0015a00003CbrpVAAR,Janesville Country Club,US00,USD,BWAP,200,1.84,3/1/2024,2/28/2025
a52OL00000G25X6YAJ,Paid,0015a00003Cbyp1AAB,Port Washington Yacht Club,US00,USD,BWAP,100,1.89,9/1/2024,8/31/2025
a52OL000004TDERYA4,Paid,0015a00003CbzBQAAZ,Worthington Christian School,US00,USD,BWAP,250,1.816,2/1/2024,1/31/2025
a52OL000009QbOXYA0,Paid,0015a00003CbzDRAAZ,Stoneybrook Golf & Country Club,US00,USD,BWAP,400,1.7475,5/1/2024,4/30/2025
a52OL000004TDE5YAO,Paid,0015a00003Cl8oTAAR,C Lazy U Ranch,US00,USD,BWAP,300,1.793333333,2/1/2024,1/31/2025
a52OL000004TDEJYA4,Paid,0015a00003DlgcLAAR,Grand Willow Co-operative,CA00,CAD,BWAP,50,2.8,2/1/2024,1/31/2025
a52OL00000600xVYAQ,Paid,0015a00003DloctAAB,"FSC I, LLC",US00,USD,BWAP,300,1.793333333,2/1/2024,1/31/2025
a52OL00000InI6IYAV,Paid,0015a00003DmIBgAAN,"KJK Productions, Inc.",US00,USD,BWAP,50,2,11/1/2024,10/31/2025
a52OL000009BUQbYAO,Overdue,0015a00003DmQgsAAF,Silver Autumn Canada Inc,CA00,CAD,BWAP-Sage APA,200,2.27,5/2/2024,5/1/2025
a52OL00000GVaE5YAL,Paid,0015a00003DmQgsAAF,Silver Autumn Canada Inc,CA00,CAD,BWAP-Sage APA,200,2.27,5/1/2024,4/30/2025
a52OL00000AfahvYAB,Paid,0015a00003Dn9XWAAZ,Midwest Dairy Association (Re,US00,USD,BWAP,400,1.7475,6/1/2024,5/31/2025
a52OL000006e5s1YAA,Paid,0015a00003DnFqtAAF,Charlotte City Club,US00,USD,BWAP,200,1.84,3/1/2024,2/28/2025
a52OL000007uqSvYAI,Paid,0015a00003DoEAXAA3,Bishops Bay Country Club,US00,USD,BWAP,300,1.793333333,4/1/2024,3/31/2025
a52OL00000MFCaUYAX,,0015a00003DoRYUAA3,Rankin Construction,CA00,CAD,BWAP,3300,1.287878788,11/1/2024,10/31/2025
a52OL00000EGgssYAD,Paid,0015a00003FUGNlAAP,Malca-Amit (USA) LLC,US00,USD,BWAP-Sage APA,300,1.56,8/1/2024,7/31/2025
a52OL00000KM9AqYAL,Paid,0015a00003FUOvUAAX,IFDS,CA00,CAD,BWAP-Sage APA,100,2.68,12/1/2024,11/30/2025
a52OL00000DsYEyYAN,Paid,0015a00003FUZ7pAAH,BDM IT Solutions Inc.,CA00,CAD,BWAP-Sage APA,100,2.33,7/26/2024,7/25/2025
a52OL00000AfahtYAB,Paid,0015a00003FUoE6AAL,United Way Regina,CA00,CAD,BWAP,50,2.8,6/1/2024,5/31/2025
a52OL000002PpL2YAK,Paid,0015a00003FVt8bAAD,IRONWOOD COUNTRY CLUB,US00,USD,BWAP,550,1.68,11/10/2023,11/9/2024
a52OL00000JqdonYAB,Paid,0015a00003FVt8bAAD,IRONWOOD COUNTRY CLUB,US00,USD,BWAP,500,1.702,11/1/2024,10/31/2025
a52OL0000092xIWYAY,Paid,0015a00003FW4QTAA1,Halls Pond Co-operative Development,CA00,CAD,BWAP,50,2.8,4/1/2024,3/31/2025
a52OL00000DHJTRYA5,Paid,0015a00003FW4RWAA1,Humber Co-operative Development,CA00,CAD,BWAP,50,2.8,3/6/2024,2/28/2025
a52OL00000AfahxYAB,Paid,0015a00003FW4S0AAL,Donway Co-operative Development,CA00,CAD,BWAP,50,2.8,6/1/2024,5/31/2025
a52OL000005aefEYAQ,Overdue,0015a00003FW4SKAA1,The Cedars Co-operative Development,CA00,CAD,BWAP,50,2.8,2/5/2024,1/31/2025
a52OL00000CpmmtYAB,Paid,0015a00003FWNGRAA5,Naples Yacht Club,US00,USD,BWAP,400,1.7475,7/1/2024,6/30/2025
a52OL00000BJ0FpYAL,Paid,0015a00003Gg8IVAAZ,"Quail West Foundation, Inc.",US00,USD,BWAP,750,1.586666667,6/1/2024,5/31/2025
a52OL00000DRnA2YAL,Paid,0015a00003GgGwlAAF,The Oregon Clinic PC,US00,USD,BWAP-Sage APA,1300,1.25,7/1/2024,6/30/2025
a52OL00000JqbDZYAZ,Paid,0015a00003GgTj6AAF,BC Public School Employers',CA00,CAD,BWAP-Sage APA,200,2.27,10/31/2024,10/30/2025
a52OL00000BIzt7YAD,Paid,0015a00003Ggb6KAAR,Wilderness Country Club,US00,USD,BWAP,300,1.793333333,6/1/2024,5/31/2025
a52OL00000JqqVpYAJ,Paid,0015a00003GghznAAB,Coquitlam Public Library,CA00,CAD,BWAP-Sage APA,250,2.24,12/1/2024,11/30/2025
a52OL00000EljmPYAR,Paid,0015a00003Ggq5LAAR,Multnomah Athletic Club,US00,USD,BWAP,950,1.494736842,8/1/2024,7/31/2025
a52OL00000FhEMEYA3,Paid,0015a00003Ggt9DAAR,New Opportunities,US00,USD,BWAP,700,1.61,9/1/2024,8/31/2025
a52OL00000D2zxcYAB,Paid,0015a00003GiZQoAAN,Hideaway Beach Club,US00,USD,BWAP,550,1.678181818,7/1/2024,6/30/2025
a52OL00000KhLs8YAF,Paid,0015a00003GipZIAAZ,Overture Center for the Arts,US00,USD,BWAP,250,1.816,1/1/2025,12/31/2025
a52OL00000ElfiqYAB,Paid,0015a00003I64c2AAB,Big Canoe POA,US00,USD,BWAP,400,1.7475,8/1/2024,7/31/2025
a52OL00000PLeKEYA1,Paid,0015a00003I6bjFAAR,Canadian Mental Health,CA00,CAD,BWAP-Sage APA,200,2.27,9/29/2024,9/28/2025
a52OL00000InQ3sYAF,Paid,0015a00003I6btzAAB,Jersey College,US00,USD,BWAP-Sage APA,500,1.48,11/10/2024,11/9/2025
a52OL00000InLiTYAV,Paid,0015a00003I7UdqAAF,Bissell Centre,CA00,CAD,BWAP-Sage APA,300,2.21,11/1/2024,10/31/2025
a52OL00000EGhLvYAL,Paid,0015a00003I7YSJAA3,Dogwood Power Management LLC,US00,USD,BWAP-Sage APA,200,1.6,8/1/2024,7/31/2025
a52OL000003HR26YAG,Paid,0015a00003I7oeaAAB,UT Golf Club,US00,USD,BWAP,500,1.48,1/1/2024,12/31/2024
a52OL00000KhYEEYA3,Paid,0015a00003I7oeaAAB,UT Golf Club,US00,USD,BWAP,550,1.678181818,1/1/2025,12/31/2025
a52OL00000HFVxtYAH,Paid,0015a00003I7xuiAAB,VANDERBILT COUNTRY CLUB,US00,USD,BWAP,500,1.702,10/1/2024,9/30/2025
a52OL00000FhEM6YAN,Paid,0015a00003I8OVaAAN,Witdouck Farms,CA00,CAD,BWAP,300,2.54,9/1/2024,8/31/2025
a52OL000004QOvfYAG,Paid,0015a00003I8PF6AAN,Maltese Golf Club LLC,US00,USD,BWAP,100,1.64,2/1/2024,1/31/2025
a52OL00000HFQ0iYAH,Paid,0015a00003I8eY6AAJ,The Plantation Golf Club,US00,USD,BWAP,150,1.86,10/1/2024,9/30/2025
a52OL00000InI6LYAV,Paid,0015a00003I98VLAAZ,Loop Industries,CA00,CAD,BWAP-Sage APA,150,2.3,11/1/2024,10/31/2025
a52OL00000Jqa2yYAB,Paid,0015a00003I99ftAAB,Tippecanoe Lake Country Club,US00,USD,BWAP,250,1.816,11/1/2024,10/31/2025
a52OL00000FdQEyYAN,Paid,0015a00003I9ErxAAF,Andrew Fleck Children's Services,CA00,CAD,BWAP-Sage APA,300,2.21,8/30/2024,8/29/2025
a52OL00000G4MojYAF,Paid,0015a00003I9YFpAAN,The Tree Farm Operating,US00,USD,BWAP,250,1.816,9/1/2024,8/31/2025
a52OL00000HFYm5YAH,Paid,0015a00003KPMuRAAX,The Oaks Club,US00,USD,BWAP,700,1.61,10/1/2024,9/30/2025
a52OL00000HFMA0YAP,Paid,0015a00003KQDYzAAP,The National Polo CentER,US00,USD,BWAP,250,1.816,10/1/2024,9/30/2025
a52OL00000H5zFZYAZ,Paid,0015a00003LM0cBAAT,Caravan Logistics Inc.,CA00,CAD,BWAP-Sage APA,450,2.12,10/1/2024,9/30/2025
a52OL00000HFKxhYAH,Paid,0015a00003LMINJAA5,The Milwaukee Athletic Club,US00,USD,BWAP,300,1.793333333,10/1/2024,9/30/2025
a52OL00000In827YAB,Paid,0015a00003LMTSiAAP,Rocky Mountain Soap,CA00,CAD,BWAP,350,,11/1/2024,10/31/2025
a52OL00000Fvhu2YAB,Paid,0015a00003LMWA8AAP,Group Medical Services,CA00,CAD,BWAP-Sage APA,200,2.27,9/1/2024,8/31/2025
a52OL00000JqmSHYAZ,Paid,0015a00003LNK5FAAX,Colorado Concrete Inc.,US00,USD,BWAP-Sage APA,150,1.86,12/1/2024,11/30/2025
a52OL00000XxVCxYAN,Paid,0015a00003LNK5FAAX,Colorado Concrete Inc.,US00,USD,BWAP-Sage APA,350,1.771428571,12/1/2024,11/30/2025
a52OL00000JuanRYAR,Paid,0015a00003LNPbOAAX,Housing New Mexico,US00,USD,BWAP,150,1.86,11/1/2024,10/31/2025
a52OL00000GwlB6YAJ,Paid,0015a00003LNd6nAAD,Greater Victoria Harbour Authority,CA00,CAD,BWAP,200,2.61,10/1/2024,9/30/2025
a52OL000003HVnGYAW,Paid,0015a00003M5UZOAA3,Spring Lake Country Club,US00,USD,BWAP,300,1.56,1/1/2024,12/31/2024
a52OL00000KhWqkYAF,Paid,0015a00003M5UZOAA3,Spring Lake Country Club,US00,USD,BWAP,250,1.816,1/1/2025,12/31/2025
a52OL00000In2WBYAZ,Paid,0015a00003M5UzRAAV,Cote Family Companies,US00,USD,BWAP,2000,1.357,11/1/2024,10/31/2025
a52OL00000GwmsyYAB,Paid,0015a00003MhJPoAAN,Springville Ready Mix,US00,USD,BWAP,300,1.793333333,10/1/2024,9/30/2025
a52OL00000JqaxOYAR,Paid,0015a00003MhJPoAAN,Springville Ready Mix,US00,USD,BWAP,200,1.84,10/1/2024,9/30/2025
a52OL000003HQkOYAW,Paid,0015a00003Mi0tiAAB,Aronimink Golf Club,US00,USD,BWAP,550,1.46,1/1/2024,12/31/2024
a52OL00000LTpcYYAT,Paid,0015a00003Mi0tiAAB,Aronimink Golf Club,US00,USD,BWAP,600,1.656666667,1/1/2025,12/31/2025
a52OL00000HEuLVYA1,Paid,0015a00003Mj8J5AAJ,Island Country Club,US00,USD,BWAP,500,1.702,10/1/2024,9/30/2025
a52OL00000OKFpvYAH,Paid,0015a00003Mkb7nAAB,Steeper Energy Canada Limited,CA00,CAD,BWAP,100,2.68,12/1/2024,11/30/2025
a52OL00000InEidYAF,Paid,0015a00003NecGHAAZ,Cave Spring Cellars,CA00,CAD,BWAP-Sage APA,250,2.24,11/1/2024,10/31/2025
a52OL00000D3qFbYAJ,Paid,001A0000012mujxIAA,Mizner Country Club,US00,USD,BWAP,1800,1.38,7/10/2024,6/30/2025
a52OL000003EzdxYAC,Paid,001A0000012muk0IAA,Gateway Property Management,CA00,CAD,BWAP,5400,1.47,1/1/2024,12/31/2024
a52OL0000042iU6YAI,Overdue,001A0000012muk0IAA,Gateway Property Management,CA00,CAD,BWAP,9300,1.48,1/1/2024,12/31/2024
a52OL000003EzdpYAC,Paid,001A0000014F3aVIAS,Harbour Air Group,CA00,CAD,BWAP,700,1.97,1/1/2024,12/31/2024
a52OL000006rlGiYAI,Paid,001A0000014F3aVIAS,Harbour Air Group,CA00,CAD,BWAP,700,1.97,1/1/2024,12/31/2024
a52OL00000MWByEYAX,Paid,001A0000014F3aVIAS,Harbour Air Group,CA00,CAD,BWAP,700,2.265714286,1/1/2025,12/31/2025
a52OL000003EzdyYAC,Paid,001A0000014FuU3IAK,P.R. Asset Management,US00,USD,BWAP,2600,1.15,1/1/2024,12/31/2024
a52OL00000PrBwbYAF,Paid,001A0000014FuU3IAK,P.R. Asset Management,US00,USD,BWAP,2600,1.322692308,1/1/2025,12/31/2025
a52OL000003EzdwYAC,Paid,001A0000014GCqNIAW,TEN Canada Ltd.,CA00,CAD,BWAP,6600,1.644545455,1/1/2024,12/31/2024
a52OL000007I2KJYA0,Paid,001A0000014GCqNIAW,TEN Canada Ltd.,CA00,CAD,BWAP,6600,1.644545455,1/1/2024,12/31/2024
a52OL00000N2ZakYAF,Paid,001A0000014GCqNIAW,TEN Canada Ltd.,CA00,CAD,BWAP,6600,1.426,1/1/2025,12/31/2025
a52OL00000Ky5xPYAR,Paid,001A0000014GL7bIAG,Frenchman's Creek,US00,USD,BWAP,1300,1.437692308,10/1/2024,9/30/2025
a52OL00000AfamyYAB,Paid,001A0000018TJZpIAO,Klondike Biopharma Inc.,CA00,CAD,BWAP,100,1.89,6/1/2024,5/31/2025
a52OL00000JqfNaYAJ,Paid,001OL000002jN0yYAE,Master Builders Association of King,US00,USD,BWAP-Sage APA,150,1.62,12/1/2024,11/30/2025
a52OL000003a5aYYAQ,Paid,001OL000002q8pyYAA,"Multiquip, Inc.",US00,USD,BWAP,2200,1.345454545,1/3/2024,12/31/2024
a52OL000005wuUGYAY,Paid,001OL000002q8pyYAA,"Multiquip, Inc.",US00,USD,BWAP,2200,1.345454545,1/1/2024,12/31/2024
a52OL00000LTjH1YAL,Paid,001OL000002q8pyYAA,"Multiquip, Inc.",US00,USD,BWAP,1500,,1/1/2025,12/31/2025
a52OL00000BqQ1lYAF,Paid,001OL000002sMFJYA2,Orthopaedic and Spine Center,US00,USD,BWAP,1800,1.38,6/21/2024,5/31/2025
a52OL000004QNDFYA4,Paid,001OL000003M2KsYAK,Jacksonville Golf & Country Club,US00,USD,BWAP,500,1.48,2/1/2024,1/31/2025
a52OL00000Jqgd5YAB,Paid,001OL000003Sv86YAC,B&D Flowback LLC,US00,USD,BWAP-Sage APA,300,1.793333333,12/1/2024,11/30/2025
a52OL000009LywrYAC,Paid,001OL0000041xv0YAA,Forest Lake Club,US00,USD,BWAP,300,1.56,5/1/2024,4/30/2025
a52OL00000LTsU0YAL,Paid,001OL0000044FxTYAU,RWAM Insurance,CA00,CAD,BWAP-Sage APA,200,2.27,1/1/2025,12/31/2025
a52OL00000530tWYAQ,Paid,001OL0000046pIUYAY,Baton Rouge CC,US00,USD,BWAP,850,1.34,2/9/2024,1/31/2025
a52OL000009UBNRYA4,Paid,001OL000004B2HAYA0,Green Prairie International,CA00,CAD,BWAP,1000,1.472,5/1/2024,4/30/2025
a52OL000004QLY4YAO,Paid,001OL000004FS4vYAG,Meridian Hills Country Club,US00,USD,BWAP,450,1.5,2/1/2024,1/31/2025
a52OL000004QTybYAG,Paid,001OL000004HDwTYAW,Panther National Golf Club LLC,US00,USD,BWAP,250,1.58,2/1/2024,1/31/2025
a52OL000004QSuSYAW,Paid,001OL000004ONFiYAO,Glenwild Golf Club & Spa,US00,USD,BWAP,400,1.52,2/1/2024,1/31/2025
a52OL00000G2DhVYAV,Paid,001OL000004qoRRYAY,Coral Creek Club,US00,USD,BWAP,200,1.6,9/3/2024,8/31/2025
a52OL00000GlLfhYAF,Paid,001OL000005E6PJYA0,TC Delivers,US00,USD,BWAP,300,1.793333333,9/19/2024,8/31/2025
a52OL000009Y0bYYAS,Paid,001OL000006xziPYAQ,Sahah Naturals,CA00,CAD,BWAP,300,2.54,5/1/2024,4/30/2025
a52OL00000Cr4gEYAR,Paid,001OL000008f2ajYAA,Fort McMurray,CA00,CAD,BWAP,250,2.576,7/1/2024,6/30/2025
a52OL00000HeCNGYA3,Paid,001OL000009MXbJYAW,Trilogy Retail Holdings Inc,CA00,CAD,BWAP,100,2.68,10/1/2024,9/30/2025
a52OL00000AZSzoYAH,Paid,001OL000009SeiAYAS,CFL Enterprises LP,CA00,CAD,BWAP,250,2.576,5/27/2024,4/30/2025
a52OL00000CvhsXYAR,Paid,001OL00000ATfmoYAD,National Renewable Solutions,US00,USD,BWAP,200,1.84,7/10/2024,6/30/2025
a52OL00000WxpgnYAB,Paid,001OL00000Ao1zKYAR,Frenchman�s Reserve Country Club,US00,USD,BWAP,1000,1.472,8/1/2024,7/31/2025
a52OL00000IADPtYAP,Paid,001OL00000AsRwlYAF,Sarasota Yacht Club,US00,USD,BWAP,400,1.7475,10/29/2024,9/30/2025
a52OL00000H5mS3YAJ,Paid,001OL00000BZOKWYA5,Bluestone Administrative Services,US00,USD,BWAP,350,1.771428571,10/3/2024,9/30/2025
a52OL00000AZKSkYAP,Paid,001OL00000BeAGrYAN,Midway Utility Contractors LLC,US00,USD,BWAP,150,1.86,5/23/2024,4/30/2025
a52OL00000G2CogYAF,Paid,001OL00000CbSeMYAV,Woodmont Country Club,US00,USD,BWAP,1200,1.449166667,9/1/2024,8/31/2025
a52OL00000FYOqVYAX,Paid,001OL00000DBrazYAD,GroupHEALTH Global Benefit Systems,CA00,CAD,BWAP,600,1.656666667,8/26/2024,7/31/2025
a52OL00000LTltxYAD,Paid,001OL00000DBrazYAD,GroupHEALTH Global Benefit Systems,CA00,CAD,BWAP,600,1.656666667,12/1/2024,11/30/2025
a52OL00000FYK8XYAX,Paid,001OL00000DeoGMYAZ,Cintrifuse,US00,USD,BWAP,100,1.89,8/22/2024,7/31/2025
a52OL00000G2A8XYAV,Paid,001OL00000DvjiTYAR,Genesee Valley Club,US00,USD,BWAP,200,1.84,9/1/2024,8/31/2025
a52OL00000KMLa9YAH,Paid,001OL00000FZu3XYAT,Eastward Ho!,US00,USD,BWAP,450,1.724444444,12/4/2024,12/3/2025
a52OL00000IALleYAH,Paid,001OL00000HI41qYAD,Franklin Country Club,US00,USD,BWAP,300,1.793333333,10/29/2024,9/30/2025
a52OL00000GlvJOYAZ,Paid,001OL00000HjEcvYAF,Empacta Development Consultants,CA00,CAD,BWAP,50,2.8,9/26/2024,8/31/2025
a52OL00000QwRwwYAF,Paid,001OL00000HjEcvYAF,Empacta Development Consultants,CA00,CAD,BWAP,50,2.8,11/1/2024,10/31/2025
a52OL00000JHZZWYA5,Paid,001OL00000I95kVYAR,"AAFCPAs, Inc.",US00,USD,BWAP,100,1.89,11/26/2024,11/25/2025
a52OL00000KM439YAD,Paid,001OL00000JUsT3YAL,Kelly Partners,US00,USD,BWAP,100,1.89,11/21/2024,11/20/2025
a52OL00000MFIzGYAX,Paid,001OL00000Jmi5RYAR,First Peak Construction,US00,USD,BWAP,100,1.89,11/14/2024,11/13/2025
a52OL00000NYb3BYAT,Overdue,001OL00000Jmi5RYAR,First Peak Construction,US00,USD,BWAP,100,1.89,11/14/2024,11/13/2025
